Id;CityId;Player1Id;Player2Id;GameResult
1;8;22;25;Player1
2;6;17;7;Player2
3;10;28;14;Player1
4;7;9;15;Player2
5;1;15;30;Player1
6;7;26;30;Player2
7;9;10;25;Player2
8;7;30;1;Player2
9;7;16;29;Player2
10;2;17;3;Player2
11;10;14;9;Player1
12;1;20;23;Player1
13;10;12;11;Player1
14;2;16;22;Player2
15;8;9;28;Player2
16;2;11;14;Player2
17;8;7;13;Player2
18;2;19;15;Player2
19;8;27;25;Player2
20;7;26;21;Player2
21;9;7;27;Player1
22;2;3;26;Player1
23;3;20;25;Player1
24;7;30;15;Player2
25;2;22;25;Player1
26;10;22;4;Player2
27;6;6;15;Player2
28;5;10;21;Player2
29;8;26;25;Player2
30;3;23;29;Player2
31;4;16;20;Player2
32;3;9;25;Player2
33;7;6;3;Player2
34;10;21;19;Player1
35;1;7;28;Player2
36;1;28;21;Player1
37;7;5;4;Player2
38;2;29;15;Player1
39;3;21;18;Player1
40;4;19;1;Player2
41;3;26;2;Player1
42;10;22;29;Player1
43;3;12;16;Player1
44;3;16;2;Player1
45;7;15;26;Player1
46;5;4;23;Player1
47;7;29;4;Player1
48;7;19;25;Player2
49;2;18;6;Player2
50;10;19;8;Player2
51;3;18;2;Player2
52;7;26;18;Draw
53;1;16;30;Player1
54;9;16;5;Player1
55;6;20;18;Player1
56;4;21;30;Player1
57;5;2;14;Player2
58;3;7;3;Player1
59;5;5;14;Player2
60;9;1;12;Player2
61;1;7;28;Player2
62;10;16;29;Player1
63;3;1;20;Player2
64;8;30;18;Player1
65;10;10;13;Player2
66;3;27;30;Player2
67;2;4;27;Player1
68;8;27;17;Player2
69;10;16;11;Player1
70;2;2;21;Player2
71;6;6;15;Player2
72;3;8;10;Player1
73;7;24;4;Player1
74;4;17;20;Player2
75;9;1;3;Player1
76;7;22;27;Player1
77;2;8;15;Draw
78;7;27;15;Player2
79;3;10;12;Player2
80;1;30;19;Player1
81;2;30;29;Player2
82;2;24;3;Player1
83;8;2;4;Player2
84;7;4;26;Player1
85;9;18;8;Player2
86;10;26;14;Player2
87;4;25;14;Player2
88;7;24;13;Player1
89;1;30;19;Player2
90;9;19;30;Player2
91;1;17;5;Player2
92;4;17;21;Player2
93;8;26;10;Player1
94;6;16;25;Player1
95;7;16;5;Player1
96;3;17;10;Player2
97;10;25;14;Player2
98;2;11;6;Player1
99;6;20;7;Player1
100;5;16;24;Player2
101;2;4;14;Player1
102;8;26;17;Player1
103;6;20;1;Player1
104;2;14;30;Player1
105;7;4;9;Player1
106;3;24;8;Player1
107;3;1;14;Player1
108;6;26;25;Player2
109;10;29;7;Player1
110;5;26;27;Player1
111;6;26;11;Player2
112;4;10;13;Player2
113;7;13;20;Player2
114;7;28;9;Player1
115;8;11;15;Player2
116;6;7;28;Player2
117;3;26;29;Player2
118;2;15;10;Player1
119;6;8;19;Player1
120;8;28;11;Player1
121;2;24;4;Player1
122;6;19;20;Player2
123;3;25;26;Player1
124;7;12;18;Player1
125;10;3;16;Player2
126;1;5;15;Player2
127;1;5;30;Player1
128;6;10;2;Player1
129;3;18;26;Player2
130;8;4;5;Player1
131;3;25;23;Player1
132;2;6;4;Player2
133;9;18;22;Player2
134;1;7;13;Player1
135;4;9;15;Player2
136;8;19;13;Player2
137;2;6;4;Player2
138;4;16;23;Player1
139;1;22;14;Player1
140;8;18;2;Player2
141;8;11;21;Player2
142;9;14;17;Player1
143;5;13;28;Player2
144;8;25;18;Player1
145;6;8;28;Player1
146;6;30;2;Player2
147;5;5;29;Player2
148;1;13;28;Player2
149;10;20;10;Player1
150;7;26;14;Player2
151;7;3;30;Player1
152;8;2;27;Player1
153;10;11;25;Player2
154;6;16;6;Player1
155;4;12;16;Player1
156;8;9;25;Player2
157;6;22;13;Player1
158;4;13;3;Player2
159;7;28;24;Player1
160;9;25;8;Player2
161;8;17;14;Player2
162;1;22;18;Player1
163;9;6;2;Player1
164;7;20;8;Player1
165;10;20;24;Player2
166;6;2;17;Player2
167;2;8;1;Player1
168;3;3;22;Player2
169;7;17;18;Player2
170;10;22;29;Player2
171;8;21;30;Player1
172;1;21;19;Player1
173;4;20;28;Player1
174;10;4;24;Player1
175;10;3;6;Player1
176;5;24;9;Player1
177;2;27;7;Player2
178;7;17;7;Player2
179;5;15;22;Player2
180;5;5;1;Player2
181;10;14;3;Player2
182;10;30;8;Player2
183;9;29;5;Player1
184;7;13;27;Player2
185;4;29;28;Player1
186;1;6;20;Player2
187;4;19;24;Player2
188;7;10;3;Player2
189;5;18;13;Player2
190;4;1;5;Player1
191;10;5;15;Player2
192;8;27;20;Player2
193;10;29;4;Player1
194;2;1;25;Player1
195;4;16;15;Player2
196;4;16;19;Player1
197;1;9;10;Player1
198;3;12;16;Player1
199;10;4;5;Player1
200;9;8;13;Player1
201;1;13;29;Player2
202;4;17;8;Player2
203;3;21;2;Player1
204;6;20;7;Player1
205;10;6;19;Player1
206;7;6;24;Player2
207;8;11;2;Player1
208;9;6;22;Player2
209;10;8;24;Player1
210;5;21;23;Player1
211;8;23;21;Player2
212;9;4;18;Player1
213;3;4;30;Player1
214;6;29;25;Player1
215;1;2;20;Player2
216;10;16;7;Player1
217;4;9;29;Player2
218;4;11;28;Player2
219;3;1;8;Player1
220;5;6;9;Player2
221;4;13;1;Player2
222;6;24;28;Player2
223;1;26;2;Player1
224;8;3;2;Player1
225;3;13;7;Player2
226;8;4;3;Player1
227;1;23;17;Player2
228;2;12;25;Player1
229;4;12;24;Player1
230;7;3;11;Player1
231;8;29;22;Player1
232;3;16;25;Player1
233;6;9;22;Player2
234;10;21;5;Player1
235;6;6;27;Player1
236;2;29;16;Player1
237;2;24;4;Player2
238;10;14;17;Player1
239;6;12;19;Player1
240;8;20;17;Player1
241;7;15;30;Player1
242;1;14;4;Player2
243;5;20;27;Player1
244;4;30;26;Player2
245;4;6;2;Player1
246;10;5;7;Player2
247;3;17;14;Player2
248;3;7;9;Player1
249;2;14;15;Player2
250;2;26;4;Player2
251;2;23;19;Player1
252;2;24;6;Player1
253;8;8;22;Player1
254;7;15;10;Player1
255;3;22;25;Player1
256;5;25;8;Player2
257;5;16;8;Player2
258;2;18;3;Player2
259;7;16;8;Player2
260;7;14;1;Player1
261;8;28;25;Player1
262;3;7;8;Player2
263;9;6;12;Draw
264;5;7;28;Player2
265;2;5;3;Player2
266;5;20;16;Player1
267;3;29;20;Player2
268;9;21;10;Player1
269;6;24;5;Player1
270;10;3;9;Player1
271;8;16;24;Player2
272;5;5;17;Player1
273;6;25;15;Player1
274;9;1;19;Player1
275;4;20;10;Player1
276;1;28;13;Player1
277;8;30;26;Player1
278;4;6;15;Player2
279;5;12;8;Player2
280;1;27;13;Player2
281;2;22;4;Player2
282;2;28;22;Player1
283;6;24;1;Player1
284;1;20;26;Player1
285;1;28;29;Player2
286;1;11;1;Player2
287;8;17;27;Player1
288;5;16;4;Player2
289;4;6;10;Player2
290;3;12;23;Player1
291;1;1;28;Player2
292;5;15;10;Player1
293;6;23;22;Player2
294;5;7;4;Player2
295;1;14;10;Player1
296;6;22;9;Player1
297;3;9;1;Player2
298;6;14;11;Player1
299;1;11;6;Player1
300;5;21;22;Player1
301;3;24;13;Player1
302;10;8;19;Player1
303;7;30;13;Player2
304;3;17;19;Player1
305;8;13;10;Player1
306;8;10;3;Player2
307;1;14;15;Player2
308;8;24;3;Player1
309;6;2;17;Player2
310;2;16;4;Player2
311;1;15;3;Player2
312;8;6;13;Player2
313;8;5;7;Player1
314;9;3;22;Player1
315;5;27;23;Player2
316;1;29;2;Player1
317;2;24;2;Player1
318;3;8;7;Player1
319;4;13;1;Player2
320;1;17;6;Player2
321;4;11;15;Player2
322;6;16;3;Player1
323;9;9;8;Player2
324;9;2;5;Player2
325;8;2;11;Player2
326;4;5;28;Player2
327;6;9;4;Player2
328;1;16;22;Player2
329;9;1;7;Player2
330;4;24;13;Player1
331;7;19;1;Player2
332;6;23;8;Player2
333;9;11;20;Player2
334;2;20;24;Player1
335;3;22;27;Player1
336;5;6;27;Player1
337;10;8;3;Player2
338;6;8;3;Player1
339;3;25;23;Player2
340;7;16;26;Player1
341;6;15;20;Player1
342;7;26;13;Player2
343;6;17;18;Player1
344;5;21;12;Player1
345;1;22;11;Player1
346;1;6;23;Player2
347;6;30;12;Player2
348;4;10;13;Player2
349;10;29;3;Player1
350;9;15;10;Player1
351;2;24;7;Player1
352;1;10;21;Player2
353;8;10;13;Player2
354;7;9;27;Player1
355;9;17;9;Player2
356;5;20;25;Player1
357;8;23;2;Player1
358;2;25;21;Player2
359;3;29;5;Player1
360;4;7;28;Player2
361;3;21;2;Player1
362;2;22;28;Player2
363;7;9;13;Player1
364;4;28;26;Player1
365;5;9;22;Player2
366;2;26;24;Player2
367;3;16;10;Player1
368;3;15;23;Player1
369;6;3;29;Player2
370;6;2;11;Player2
371;6;26;4;Player2
372;9;13;19;Player1
373;4;13;25;Player2
374;5;21;11;Player1
375;2;24;25;Player2
376;10;14;17;Player1
377;4;20;3;Player2
378;7;3;22;Player2
379;3;3;6;Player1
380;10;29;20;Player1
381;1;20;7;Player1
382;8;5;2;Player1
383;2;25;26;Player1
384;10;19;13;Player2
385;10;24;25;Player1
386;10;26;21;Player2
387;5;4;19;Player1
388;3;16;13;Player1
389;5;6;24;Player2
390;5;28;10;Player1
391;2;17;14;Player2
392;2;13;1;Player2
393;8;11;20;Player2
394;8;14;19;Player1
395;7;27;1;Player1
396;9;13;9;Player1
397;6;20;8;Player2
398;1;11;26;Player1
399;8;17;4;Player2
400;3;24;29;Player1
401;6;10;27;Player1
402;10;22;3;Player1
403;9;24;11;Player1
404;1;24;15;Player1
405;10;6;21;Player2
406;5;21;19;Player1
407;5;18;23;Player1
408;1;17;8;Player2
409;7;27;7;Player2
410;9;5;27;Player2
411;7;12;17;Player1
412;8;15;4;Player2
413;8;6;29;Player2
414;1;19;28;Player2
415;5;27;23;Player2
416;1;6;5;Player2
417;4;26;15;Player2
418;8;6;7;Player2
419;5;24;20;Player2
420;4;25;26;Player1
421;10;19;15;Player2
422;4;12;29;Player2
423;3;21;18;Player1
424;5;16;14;Player1
425;6;27;4;Player2
426;4;14;11;Player1
427;5;14;2;Player1
428;5;5;1;Player1
429;5;2;11;Player1
430;2;22;10;Player1
431;1;22;12;Player1
432;5;11;1;Player2
433;9;6;16;Player2
434;6;3;15;Player2
435;1;24;11;Player1
436;1;26;10;Player2
437;3;7;10;Player1
438;9;5;11;Player2
439;5;27;15;Player2
440;6;16;11;Player1
441;3;27;30;Player2
442;1;5;24;Player2
443;2;13;17;Player1
444;9;4;9;Player1
445;6;16;12;Player2
446;7;26;12;Player2
447;1;11;6;Player2
448;10;13;16;Player2
449;1;26;18;Player2
450;6;8;14;Player1
451;2;1;21;Player2
452;6;8;6;Player1
453;6;11;19;Player1
454;8;1;14;Player1
455;1;29;3;Player1
456;10;13;20;Player2
457;2;9;2;Player1
458;2;23;5;Player1
459;5;16;15;Player2
460;3;9;10;Player2
461;1;1;6;Player1
462;7;18;4;Player2
463;2;21;8;Player2
464;8;1;16;Player2
465;8;5;11;Player1
466;5;9;14;Player2
467;10;29;13;Player1
468;5;2;29;Player2
469;6;13;8;Player2
470;7;30;23;Player1
471;4;2;10;Player1
472;8;30;9;Player1
473;5;11;30;Player2
474;8;22;12;Player2
475;4;8;16;Player1
476;5;18;25;Player2
477;1;7;2;Player1
478;3;11;27;Player1
479;7;29;7;Player1
480;2;6;26;Player2
481;5;22;16;Player2
482;5;29;14;Player1
483;5;26;11;Player2
484;5;18;4;Player2
485;6;16;21;Player2
486;10;8;22;Player1
487;7;2;20;Player2
488;1;16;20;Player2
489;1;22;13;Player1
490;1;2;3;Player2
491;10;5;10;Player2
492;3;27;10;Player2
493;8;2;29;Player2
494;7;15;1;Player2
495;9;28;19;Player1
496;8;6;22;Player2
497;2;15;23;Player1
498;3;6;13;Player2
499;10;1;26;Player1
500;8;23;30;Player2
501;6;9;11;Player1
502;2;29;8;Player1
503;10;22;21;Player1
504;2;13;26;Player2
505;5;28;7;Player1
506;4;26;22;Player2
507;4;27;8;Player2
508;4;11;18;Player1
509;9;1;30;Player1
510;5;24;27;Player1
511;10;11;10;Player1
512;7;30;6;Player1
513;4;4;30;Player1
514;1;20;15;Player1
515;9;23;3;Player2
516;3;1;9;Player2
517;2;22;5;Player1
518;8;17;26;Player2
519;8;13;29;Player2
520;3;7;28;Player1
521;9;10;28;Player2
522;6;15;2;Player1
523;1;6;28;Player2
524;8;26;23;Player1
525;8;2;8;Player2
526;6;10;18;Player2
527;7;14;1;Player1
528;8;20;3;Player1
529;5;11;25;Player2
530;3;6;17;Player2
531;1;27;28;Player2
532;6;3;10;Player1
533;1;7;9;Player1
534;4;11;26;Player1
535;4;7;27;Player1
536;6;12;16;Player1
537;4;30;4;Player2
538;10;9;23;Player2
539;9;19;20;Player2
540;3;3;4;Player2
541;4;2;30;Player2
542;9;24;30;Player1
543;10;20;29;Player2
544;3;6;4;Player2
545;2;15;3;Player1
546;3;10;14;Player2
547;4;11;30;Player2
548;5;28;6;Player1
549;2;25;18;Player1
550;7;6;14;Player2
551;2;22;4;Player2
552;9;24;9;Player1
553;9;30;13;Player2
554;6;17;22;Player2
555;10;20;25;Player1
556;7;3;24;Player2
557;2;23;9;Player2
558;2;20;23;Player1
559;9;29;5;Player1
560;4;29;30;Player1
561;5;21;14;Player1
562;10;8;14;Player1
563;8;5;22;Player2
564;1;9;11;Player2
565;3;10;24;Player2
566;4;23;8;Player2
567;9;14;23;Player1
568;2;15;14;Player1
569;4;15;3;Player1
570;2;30;26;Player2
571;6;2;14;Player2
572;1;27;9;Player1
573;10;13;11;Player2
574;9;29;3;Player1
575;2;14;28;Player2
576;10;10;29;Player2
577;5;6;27;Player1
578;6;15;7;Player1
579;4;6;1;Player2
580;7;23;11;Player2
581;7;6;27;Player1
582;6;7;10;Player1
583;10;24;27;Player1
584;1;22;26;Player1
585;8;14;25;Player2
586;3;19;30;Player2
587;5;10;23;Player1
588;3;3;20;Player2
589;3;19;17;Player2
590;3;29;21;Player2
591;10;23;20;Player2
592;3;12;24;Player1
593;6;7;19;Player1
594;10;17;2;Player1
595;5;14;2;Player1
596;9;1;13;Player1
597;1;18;2;Player2
598;2;14;18;Player1
599;4;4;7;Player1
600;4;18;23;Player1
601;8;26;7;Player2
602;1;30;7;Player2
603;6;2;1;Player2
604;7;12;23;Player1
605;4;23;7;Player1
606;3;4;7;Player1
607;8;7;17;Player1
608;7;4;6;Player1
609;3;6;12;Player2
610;9;21;30;Player1
611;2;19;27;Player1
612;3;21;26;Player1
613;4;15;26;Player1
614;4;29;12;Player2
615;4;6;9;Player1
616;8;21;12;Player1
617;2;30;1;Player2
618;6;12;6;Player1
619;6;22;4;Player2
620;7;9;1;Player2
621;6;26;11;Player1
622;8;18;4;Player2
623;6;17;16;Player2
624;4;28;22;Player1
625;4;25;18;Player1
626;9;24;28;Player1
627;1;10;16;Player2
628;10;14;21;Player2
629;8;19;8;Player2
630;8;19;29;Player2
631;9;21;7;Player1
632;1;23;4;Player2
633;2;24;19;Player1
634;9;20;4;Player2
635;3;9;3;Draw
636;6;25;17;Player1
637;2;6;29;Player2
638;6;20;30;Player1
639;7;19;13;Player2
640;9;17;29;Player2
641;6;2;29;Player2
642;6;24;8;Player1
643;5;17;2;Player1
644;3;12;1;Player1
645;4;22;20;Player2
646;7;6;5;Player1
647;7;21;24;Player2
648;1;4;14;Player1
649;3;18;1;Player2
650;8;10;5;Player1
651;7;11;7;Player2
652;2;9;18;Player2
653;9;8;16;Draw
654;6;23;9;Player1
655;10;4;25;Player2
656;4;27;29;Player2
657;3;5;13;Player1
658;2;2;26;Player2
659;6;7;29;Player2
660;3;17;6;Player2
661;9;9;8;Player2
662;9;23;1;Player2
663;1;19;13;Player1
664;7;6;28;Player2
665;6;24;29;Player1
666;7;6;30;Player2
667;1;4;21;Player1
668;8;28;5;Player1
669;4;15;9;Player1
670;7;16;3;Player1
671;4;21;22;Player1
672;1;19;15;Player2
673;8;19;11;Player1
674;6;4;8;Player1
675;5;8;29;Player2
676;10;18;9;Player2
677;10;19;1;Player2
678;6;27;14;Player2
679;1;5;12;Player2
680;8;5;9;Player1
681;4;14;3;Player1
682;3;13;15;Player2
683;5;11;6;Player1
684;7;15;17;Player1
685;5;25;30;Player1
686;3;17;20;Player2
687;1;8;27;Player1
688;1;14;28;Player1
689;3;21;25;Player1
690;2;24;14;Player1
691;1;29;14;Player1
692;2;3;21;Player2
693;5;6;26;Draw
694;2;9;7;Player2
695;5;14;5;Player1
696;5;11;2;Player2
697;8;3;19;Draw
698;8;27;12;Player2
699;3;1;6;Player1
700;10;22;21;Player2
701;4;17;22;Player2
702;6;17;3;Player2
703;3;23;10;Player2
704;8;11;24;Player2
705;9;30;21;Player2
706;6;30;23;Player1
707;9;11;23;Player1
708;4;21;26;Player1
709;7;2;18;Player1
710;10;11;21;Player2
711;8;28;5;Player1
712;4;11;20;Player2
713;4;4;18;Player1
714;2;24;10;Player1
715;10;26;8;Player2
716;8;4;27;Player1
717;5;25;1;Player2
718;10;21;11;Player1
719;9;2;27;Player1
720;6;30;15;Player2
721;7;26;12;Player2
722;7;8;14;Player1
723;1;1;19;Player1
724;2;15;26;Player1
725;5;7;18;Player1
726;6;23;26;Player2
727;7;14;29;Player2
728;7;30;17;Player1
729;9;17;8;Player2
730;8;25;10;Player1
731;1;16;4;Player2
732;10;26;28;Player2
733;9;14;19;Player1
734;3;9;4;Player2
735;2;21;10;Player1
736;8;8;14;Player1
737;1;15;10;Player1
738;6;9;16;Player1
739;9;25;27;Draw
740;2;1;21;Player2
741;4;25;6;Player1
742;8;7;30;Player1
743;7;4;12;Player1
744;3;16;9;Player1
745;9;24;5;Player1
746;3;13;9;Player1
747;8;15;10;Player1
748;10;2;11;Player2
749;7;23;7;Player2
750;1;16;1;Player2
751;10;3;14;Player1
752;10;19;15;Player2
753;4;29;14;Player1
754;1;14;5;Player1
755;1;4;29;Player1
756;4;24;16;Player1
757;6;22;13;Player1
758;4;20;17;Player1
759;9;12;24;Player2
760;8;11;15;Player2
761;4;4;18;Player1
762;9;18;14;Player2
763;7;10;5;Player2
764;9;28;14;Player1
765;2;26;1;Player2
766;4;22;28;Player2
767;7;29;30;Player1
768;6;7;25;Player2
769;6;14;27;Player1
770;1;7;22;Player1
771;7;19;30;Player2
772;8;10;17;Player2
773;2;16;15;Draw
774;7;14;12;Player2
775;8;24;30;Player1
776;2;24;16;Player1
777;5;20;26;Player1
778;1;12;15;Player1
779;8;28;23;Player1
780;10;5;1;Player1
781;10;24;28;Player1
782;9;26;25;Player2
783;7;8;22;Player1
784;9;1;12;Player2
785;4;23;16;Player2
786;7;16;2;Player1
787;4;21;20;Player1
788;9;11;17;Player1
789;5;19;7;Player2
790;9;17;13;Player2
791;5;29;12;Player1
792;5;7;21;Player2
793;2;22;29;Player2
794;8;28;17;Player1
795;5;17;20;Player2
796;10;18;20;Player2
797;8;22;12;Player2
798;4;4;14;Player1
799;4;18;13;Player2
800;7;4;7;Player1
801;4;11;21;Player2
802;1;25;3;Player2
803;9;13;16;Player2
804;2;27;25;Player2
805;1;15;23;Player1
806;10;18;25;Player2
807;6;13;1;Player2
808;1;16;26;Player1
809;10;4;25;Player1
810;3;3;20;Player2
811;8;3;18;Player1
812;9;17;18;Player1
813;6;15;23;Player1
814;2;14;6;Player1
815;6;6;25;Player2
816;7;18;20;Player2
817;7;9;30;Player2
818;2;14;22;Player2
819;9;1;25;Player2
820;3;10;21;Player2
821;9;3;10;Player1
822;3;17;25;Player2
823;2;12;29;Player2
824;1;7;4;Player2
825;9;11;29;Player2
826;1;14;11;Player1
827;2;13;16;Player2
828;7;8;25;Player2
829;9;21;19;Player1
830;1;16;23;Player1
831;4;6;2;Player2
832;3;12;26;Player1
833;4;19;1;Player2
834;6;7;21;Player2
835;6;2;27;Player2
836;4;4;23;Player1
837;9;17;15;Player2
838;1;27;6;Player1
839;2;25;15;Player2
840;4;27;6;Player2
841;4;27;14;Player2
842;10;7;29;Player2
843;1;2;18;Player2
844;10;6;22;Player2
845;5;2;10;Player2
846;8;22;24;Player2
847;2;4;16;Player1
848;3;6;29;Player2
849;9;6;9;Player2
850;4;7;17;Player1
851;9;2;23;Player2
852;3;2;10;Player1
853;10;4;26;Player1
854;2;17;2;Player1
855;8;10;11;Player2
856;9;26;25;Player2
857;8;18;4;Player2
858;7;12;23;Player1
859;6;7;22;Player2
860;7;4;1;Player1
861;1;4;25;Player1
862;10;20;5;Player1
863;10;6;1;Player2
864;10;8;18;Player1
865;5;27;18;Player1
866;6;29;26;Player1
867;5;16;11;Player1
868;5;1;19;Player1
869;10;19;21;Player2
870;7;4;25;Player1
871;9;23;1;Player2
872;3;8;14;Player1
873;3;3;21;Player2
874;9;24;20;Player1
875;6;27;11;Player2
876;2;25;16;Player2
877;9;7;8;Player2
878;7;28;19;Player1
879;2;6;3;Player2
880;5;20;2;Player1
881;2;1;2;Player1
882;6;11;16;Player2
883;2;3;19;Player1
884;2;7;26;Player1
885;8;11;23;Player1
886;3;20;5;Player1
887;2;27;25;Player2
888;6;24;28;Player2
889;5;24;25;Player1
890;4;6;3;Player2
891;7;3;14;Player2
892;7;24;18;Player1
893;10;17;26;Player2
894;1;22;27;Player1
895;7;1;12;Player2
896;10;18;27;Player1
897;9;17;28;Player2
898;4;23;7;Player2
899;7;7;5;Player2
900;2;17;21;Player2
901;8;28;17;Player1
902;6;5;13;Player2
903;2;18;30;Player2
904;5;1;19;Player1
905;3;29;3;Player1
906;2;23;27;Player1
907;6;4;7;Player1
908;5;8;16;Player1
909;5;6;22;Player2
910;5;15;17;Draw
911;2;1;30;Player1
912;4;24;25;Player1
913;10;8;27;Player1
914;9;4;1;Player1
915;4;26;16;Player2
916;2;14;24;Player1
917;3;2;14;Player2
918;7;14;20;Player2
919;10;1;11;Player1
920;2;21;5;Player1
921;10;13;20;Player2
922;2;19;10;Draw
923;5;8;28;Player2
924;10;1;6;Player1
925;4;7;20;Player2
926;8;30;4;Player2
927;5;28;9;Player1
928;6;3;6;Player1
929;2;16;21;Player2
930;10;5;11;Player2
931;10;28;10;Player1
932;2;28;15;Player1
933;2;17;21;Player2
934;2;19;27;Player1
935;3;30;8;Player2
936;1;15;8;Player2
937;3;9;1;Player2
938;9;8;23;Player1
939;5;21;10;Player1
940;7;13;4;Draw
941;6;1;4;Player2
942;9;17;4;Player2
943;2;30;10;Player2
944;5;7;14;Player2
945;5;17;9;Player2
946;10;9;4;Player2
947;5;10;2;Player2
948;4;5;27;Player2
949;6;22;20;Player1
950;2;4;7;Player1
951;6;22;4;Player2
952;8;16;18;Player1
953;2;18;13;Player2
954;10;13;15;Player2
955;6;26;2;Player1
956;5;25;21;Player2
957;2;14;13;Player1
958;1;17;4;Player2
959;3;6;27;Player1
960;5;8;26;Player1
961;1;10;27;Player1
962;4;30;16;Player2
963;8;26;1;Player2
964;8;20;22;Player2
965;6;24;27;Player1
966;9;16;9;Player1
967;10;22;27;Player1
968;9;3;20;Player2
969;1;30;5;Player2
970;7;16;11;Player1
971;6;16;10;Player1
972;6;21;3;Player1
973;6;25;26;Player1
974;7;8;29;Player2
975;7;23;25;Player2
976;3;15;23;Player1
977;7;15;21;Player2
978;10;13;16;Player2
979;3;16;8;Player2
980;4;9;1;Player2
981;1;10;21;Player2
982;2;4;12;Player2
983;10;4;25;Player1
984;3;21;13;Player1
985;3;15;28;Player2
986;2;10;26;Player2
987;8;15;13;Player1
988;1;1;20;Player2
989;6;4;24;Player1
990;4;5;26;Player2
991;3;17;26;Player2
992;10;28;20;Player2
993;4;23;21;Player2
994;4;10;20;Player2
995;2;16;1;Player1
996;1;5;2;Player2
997;4;8;28;Player2
998;10;5;16;Player2
999;1;16;10;Player1
1000;7;28;1;Player1
1001;10;18;29;Player2
1002;6;18;4;Player2
1003;3;1;17;Player1
1004;2;10;17;Player1
1005;8;25;6;Player1
1006;7;12;15;Player1
1007;8;27;29;Player2
1008;10;17;28;Player2
1009;4;1;12;Player2
1010;4;10;12;Player2
1011;7;29;26;Player1
1012;8;21;22;Player1
1013;9;13;29;Player2
1014;5;19;5;Player1
1015;4;23;29;Player2
1016;4;7;10;Draw
1017;4;5;25;Player2
1018;9;1;2;Player1
1019;1;2;1;Player1
1020;3;18;23;Player2
1021;10;22;6;Player1
1022;5;11;22;Player2
1023;1;5;15;Player2
1024;8;29;17;Player1
1025;3;9;25;Player2
1026;6;25;30;Player1
1027;1;25;3;Player1
1028;6;5;8;Player2
1029;7;17;25;Player2
1030;7;25;21;Player2
1031;4;12;5;Player1
1032;8;13;10;Player1
1033;8;18;20;Player2
1034;1;6;26;Player2
1035;6;6;9;Player1
1036;7;22;8;Player2
1037;5;8;1;Player1
1038;3;23;20;Player2
1039;5;18;28;Player2
1040;9;25;28;Player2
1041;4;10;24;Player2
1042;7;18;6;Player2
1043;10;29;13;Player1
1044;10;1;13;Player1
1045;2;3;27;Player1
1046;10;3;8;Player2
1047;3;3;12;Player1
1048;9;14;21;Player2
1049;1;19;15;Player2
1050;4;25;12;Player2
1051;9;23;27;Player2
1052;6;2;22;Player2
1053;8;3;29;Player2
1054;3;25;20;Player2
1055;8;18;20;Player2
1056;9;3;16;Player1
1057;9;7;26;Player1
1058;4;14;4;Player2
1059;2;22;17;Player1
1060;6;26;18;Player1
1061;2;21;20;Player1
1062;1;7;30;Player1
1063;2;11;15;Player2
1064;6;1;10;Player1
1065;1;17;7;Player2
1066;7;9;30;Player2
1067;6;1;10;Player1
1068;10;4;28;Player1
1069;8;14;24;Player2
1070;6;30;27;Player1
1071;3;24;28;Player2
1072;10;4;16;Player1
1073;9;13;14;Player2
1074;4;1;5;Player1
1075;6;3;26;Player1
1076;2;27;17;Player2
1077;6;20;13;Player1
1078;3;16;26;Player1
1079;8;1;18;Player1
1080;3;9;24;Player2
1081;7;11;12;Player2
1082;4;19;8;Player2
1083;7;10;13;Player1
1084;6;4;27;Player1
1085;2;27;30;Player2
1086;1;6;1;Player2
1087;3;12;17;Player1
1088;5;19;11;Player2
1089;1;29;8;Player1
1090;10;30;4;Player2
1091;7;6;5;Player2
1092;8;18;20;Player2
1093;7;23;14;Player2
1094;2;5;17;Player1
1095;6;13;16;Player2
1096;9;3;19;Player1
1097;6;3;25;Player1
1098;3;21;28;Player2
1099;1;1;23;Player1
1100;10;5;21;Player2
1101;4;10;11;Player2
1102;8;23;29;Player2
1103;4;26;9;Player2
1104;6;13;14;Player1
1105;1;14;7;Player1
1106;9;3;6;Player1
1107;7;28;27;Player1
1108;4;7;27;Player1
1109;3;12;15;Player2
1110;9;15;18;Player1
1111;8;23;18;Player2
1112;3;19;26;Player2
1113;6;25;21;Player2
1114;4;25;7;Player2
1115;4;15;21;Player1
1116;7;30;8;Player2
1117;6;6;28;Player2
1118;9;6;8;Player2
1119;5;11;3;Player1
1120;5;1;11;Player1
1121;8;16;12;Player1
1122;9;15;20;Player1
1123;8;25;11;Player1
1124;3;9;16;Player2
1125;4;3;20;Player1
1126;10;22;7;Player1
1127;6;13;8;Player2
1128;4;9;20;Player2
1129;10;17;11;Player2
1130;8;9;23;Player2
1131;2;24;10;Player1
1132;7;10;26;Player2
1133;2;1;14;Player1
1134;4;13;10;Player1
1135;10;20;2;Player1
1136;1;5;6;Player2
1137;1;12;8;Player1
1138;10;29;7;Player1
1139;2;4;3;Player1
1140;9;4;17;Player1
1141;1;17;19;Player2
1142;2;15;7;Player1
1143;7;24;25;Player2
1144;6;22;6;Player1
1145;3;7;26;Player1
1146;3;27;30;Draw
1147;8;19;6;Player1
1148;6;8;12;Player1
1149;9;23;11;Player2
1150;6;11;22;Player2
1151;10;26;28;Player2
1152;8;10;27;Player2
1153;9;12;6;Player1
1154;4;23;11;Player2
1155;1;11;21;Player2
1156;4;17;22;Player2
1157;1;23;7;Player1
1158;4;27;16;Player2
1159;3;3;9;Player1
1160;9;16;22;Player2
1161;1;9;14;Player2
1162;3;5;26;Player2
1163;10;18;28;Player2
1164;8;15;16;Player1
1165;9;14;26;Player1
1166;8;13;28;Player2
1167;7;14;7;Player2
1168;6;16;18;Draw
1169;5;14;30;Player1
1170;6;18;8;Player2
1171;5;15;26;Player1
1172;10;30;15;Player2
1173;9;9;6;Player1
1174;9;25;30;Player1
1175;8;12;9;Player1
1176;7;10;14;Player2
1177;4;16;20;Player2
1178;6;16;3;Player1
1179;9;7;23;Player1
1180;9;18;22;Player2
1181;7;26;1;Player2
1182;7;12;30;Player1
1183;4;10;14;Player2
1184;8;28;5;Player1
1185;3;27;19;Player1
1186;4;25;5;Player1
1187;6;24;5;Player1
1188;6;23;2;Player2
1189;8;8;30;Player1
1190;8;29;23;Player1
1191;5;3;21;Player2
1192;10;29;4;Player1
1193;10;9;3;Player2
1194;7;30;10;Player1
1195;7;16;19;Player1
1196;5;14;9;Player1
1197;8;19;17;Player2
1198;2;18;11;Player2
1199;2;29;4;Player2
1200;4;30;27;Player1
1201;9;22;19;Player1
1202;10;14;9;Player1
1203;7;20;8;Player1
1204;8;5;1;Player2
1205;5;5;17;Player2
1206;7;13;3;Player2
1207;7;11;10;Player2
1208;6;11;4;Player2
1209;9;27;19;Player1
1210;3;1;26;Player1
1211;3;6;19;Player1
1212;1;21;25;Player1
1213;9;10;21;Player2
1214;5;1;22;Player1
1215;5;16;3;Player1
1216;6;24;21;Player2
1217;7;1;16;Player1
1218;4;18;22;Player2
1219;6;16;9;Player1
1220;9;13;10;Player1
1221;3;8;20;Player1
1222;6;22;16;Player2
1223;7;9;23;Player1
1224;7;1;10;Draw
1225;7;16;20;Player2
1226;9;20;1;Player1
1227;2;14;26;Player1
1228;4;15;30;Player1
1229;9;20;19;Player1
1230;6;28;6;Player1
1231;4;16;27;Player1
1232;1;30;24;Player2
1233;6;6;24;Player2
1234;10;27;16;Player2
1235;2;28;1;Player1
1236;1;30;2;Player2
1237;3;22;26;Player1
1238;5;23;30;Player2
1239;7;20;24;Player2
1240;10;30;2;Player2
1241;6;21;12;Player1
1242;5;4;16;Player1
1243;9;8;16;Player2
1244;3;18;15;Player2
1245;4;8;18;Draw
1246;10;7;18;Player1
1247;6;5;21;Player2
1248;4;24;6;Player1
1249;10;9;23;Player2
1250;10;29;10;Player1
1251;8;12;7;Player1
1252;2;20;6;Player1
1253;6;12;24;Player1
1254;6;23;22;Player2
1255;4;7;4;Player2
1256;4;1;15;Player2
1257;2;4;14;Player1
1258;4;21;25;Player1
1259;2;11;27;Player1
1260;8;8;26;Player1
1261;2;16;10;Player1
1262;3;26;7;Player2
1263;4;16;19;Player1
1264;8;7;26;Player1
1265;10;14;12;Player2
1266;1;1;18;Player1
1267;3;29;8;Player1
1268;9;16;25;Player1
1269;4;25;21;Player2
1270;4;10;9;Player2
1271;10;28;4;Player1
1272;5;23;7;Player2
1273;2;11;28;Player2
1274;1;16;27;Player1
1275;5;28;19;Player1
1276;5;8;14;Player1
1277;2;11;10;Player1
1278;5;10;18;Player2
1279;4;30;15;Player2
1280;9;2;17;Player2
1281;1;6;10;Player1
1282;9;9;22;Player2
1283;6;22;5;Player1
1284;2;20;7;Player1
1285;5;25;22;Player1
1286;3;16;28;Player2
1287;10;13;14;Player2
1288;1;27;28;Player2
1289;4;24;25;Player1
1290;10;9;8;Player2
1291;4;1;10;Player1
1292;6;8;11;Player1
1293;9;29;19;Player1
1294;3;18;16;Player2
1295;2;28;21;Player2
1296;9;1;16;Player2
1297;6;3;15;Player2
1298;2;3;20;Player2
1299;4;29;9;Player1
1300;10;2;16;Player2
1301;10;14;13;Player1
1302;10;19;20;Player2
1303;4;24;18;Player1
1304;4;26;17;Draw
1305;10;11;25;Player2
1306;3;20;29;Player2
1307;4;28;24;Player1
1308;8;16;7;Player1
1309;7;10;28;Player2
1310;1;8;9;Player1
1311;2;5;27;Player1
1312;2;30;5;Player1
1313;1;12;9;Player1
1314;10;6;7;Player2
1315;10;15;7;Player1
1316;9;9;22;Player2
1317;4;6;9;Player1
1318;7;5;23;Player1
1319;2;28;7;Player2
1320;3;9;22;Player2
1321;4;16;9;Player1
1322;3;22;20;Player2
1323;8;11;21;Player2
1324;3;9;20;Player2
1325;4;22;17;Player1
1326;9;2;30;Player1
1327;9;2;6;Player2
1328;8;2;30;Player2
1329;4;30;23;Player1
1330;10;12;8;Player2
1331;4;7;30;Player2
1332;7;29;22;Player1
1333;3;5;15;Player2
1334;2;2;12;Player2
1335;7;12;1;Player1
1336;2;29;14;Player1
1337;3;8;26;Player1
1338;6;10;8;Player2
1339;3;13;15;Player2
1340;10;18;23;Player1
1341;5;26;30;Player1
1342;7;27;3;Player2
1343;9;28;23;Player1
1344;6;21;28;Player1
1345;9;17;30;Player2
1346;10;22;20;Player2
1347;2;2;9;Player1
1348;7;4;12;Player1
1349;8;27;23;Player1
1350;4;17;7;Player2
1351;4;17;23;Player1
1352;7;7;12;Player1
1353;1;16;29;Player2
1354;4;1;21;Player2
1355;8;17;29;Player2
1356;8;23;8;Player2
1357;3;21;25;Player1
1358;7;17;21;Player2
1359;1;20;26;Player1
1360;10;7;6;Player1
1361;7;5;7;Player2
1362;8;10;11;Player2
1363;5;7;24;Player2
1364;1;2;5;Player1
1365;7;2;1;Player2
1366;5;26;18;Player1
1367;6;30;4;Player2
1368;5;2;26;Player2
1369;1;3;1;Player1
1370;6;23;18;Player2
1371;8;19;9;Player1
1372;5;4;27;Player1
1373;7;22;8;Player2
1374;5;29;17;Player1
1375;7;8;20;Player2
1376;7;8;16;Player1
1377;3;1;25;Player2
1378;1;20;8;Player2
1379;4;13;3;Player2
1380;7;7;10;Player1
1381;10;15;7;Player1
1382;3;13;26;Player2
1383;2;29;5;Player1
1384;9;4;11;Player1
1385;1;1;18;Player1
1386;8;24;6;Player1
1387;5;26;16;Player2
1388;10;23;8;Player2
1389;8;2;22;Player2
1390;6;25;3;Player1
1391;3;2;9;Player2
1392;4;3;9;Player1
1393;1;8;24;Player2
1394;9;18;16;Player2
1395;9;21;29;Player2
1396;4;7;15;Player2
1397;5;9;6;Player2
1398;3;12;25;Player1
1399;7;23;14;Player2
1400;6;14;25;Player1
1401;1;7;11;Player1
1402;6;19;10;Player1
1403;8;23;15;Player2
1404;10;14;29;Player2
1405;9;26;28;Player2
1406;4;27;3;Player2
1407;3;5;26;Player2
1408;9;11;16;Player2
1409;5;2;20;Player2
1410;9;1;11;Player1
1411;10;20;24;Player2
1412;2;14;11;Player1
1413;7;24;3;Player1
1414;10;9;15;Player2
1415;3;18;25;Player2
1416;9;15;17;Player1
1417;4;13;26;Player1
1418;10;12;9;Player1
1419;9;10;27;Player2
1420;7;6;17;Player1
1421;2;1;22;Player2
1422;2;29;25;Player1
1423;6;30;12;Player2
1424;10;21;4;Player2
1425;4;21;26;Player1
1426;7;8;23;Player1
1427;2;21;18;Player1
1428;6;19;18;Player2
1429;6;14;9;Player1
1430;5;1;5;Player1
1431;6;12;18;Player1
1432;8;30;9;Player1
1433;1;26;20;Player2
1434;2;3;16;Player1
1435;8;9;23;Player1
1436;5;12;22;Player1
1437;2;19;2;Player2
1438;10;4;16;Player1
1439;2;16;13;Player1
1440;6;20;15;Player1
1441;3;20;29;Player2
1442;6;4;9;Player1
1443;6;14;21;Player2
1444;1;19;12;Player2
1445;1;21;19;Player1
1446;9;30;10;Player1
1447;6;24;3;Player2
1448;2;4;12;Player1
1449;1;10;8;Player2
1450;9;18;15;Player2
1451;2;19;7;Player2
1452;6;16;13;Player1
1453;5;29;5;Player1
1454;1;7;29;Player2
1455;7;25;1;Player1
1456;10;2;14;Player2
1457;2;28;17;Player1
1458;5;9;27;Player1
1459;6;28;17;Player1
1460;1;4;25;Player1
1461;2;14;27;Player1
1462;2;23;30;Player2
1463;2;28;6;Player1
1464;2;15;1;Player1
1465;2;13;17;Player1
1466;4;17;9;Player2
1467;8;14;8;Player2
1468;10;6;20;Player2
1469;4;23;11;Player2
1470;9;24;18;Draw
1471;4;30;26;Player1
1472;1;13;23;Player1
1473;1;26;2;Player2
1474;3;15;5;Player1
1475;6;22;14;Player1
1476;4;29;26;Player1
1477;3;9;12;Player2
1478;6;6;20;Player2
1479;3;8;9;Player1
1480;7;7;1;Player1
1481;7;25;4;Player2
1482;2;9;16;Player2
1483;9;25;1;Player1
1484;3;2;22;Player2
1485;1;10;29;Player2
1486;3;16;14;Player1
1487;6;14;24;Player2
1488;2;2;16;Player1
1489;2;20;24;Player2
1490;5;23;5;Player1
1491;1;26;19;Player1
1492;1;13;20;Player2
1493;10;21;14;Player1
1494;9;11;5;Player2
1495;7;15;7;Player1
1496;8;1;26;Player1
1497;9;15;22;Player2
1498;3;1;24;Player1
1499;7;4;24;Player1
1500;8;13;20;Player2
1501;9;30;3;Player2
1502;2;10;7;Player2
1503;3;6;28;Player2
1504;10;3;26;Player1
1505;7;8;3;Player1
1506;3;21;17;Player1
1507;10;17;19;Player2
1508;5;14;8;Player2
1509;9;20;25;Player1
1510;9;25;10;Player1
1511;9;12;9;Player1
1512;1;7;11;Player1
1513;10;30;5;Player2
1514;10;17;26;Player1
1515;9;13;27;Player1
1516;7;24;22;Player1
1517;4;14;7;Player1
1518;8;27;1;Player2
1519;5;16;25;Player1
1520;3;21;13;Player1
1521;4;12;18;Player1
1522;2;21;17;Player1
1523;6;1;23;Player1
1524;4;21;12;Player1
1525;10;30;24;Player2
1526;6;1;25;Player2
1527;2;24;1;Player1
1528;7;7;27;Player1
1529;8;2;13;Player1
1530;3;14;25;Player2
1531;6;18;15;Player2
1532;4;9;14;Player2
1533;4;2;23;Player1
1534;10;20;23;Player1
1535;9;1;23;Player1
1536;3;2;27;Player1
1537;10;25;16;Player1
1538;4;26;27;Player2
1539;8;5;6;Player2
1540;2;23;19;Player1
1541;10;12;18;Player1
1542;10;10;3;Player2
1543;4;23;22;Player2
1544;1;19;30;Player2
1545;3;7;5;Player1
1546;2;5;6;Player1
1547;6;25;1;Player1
1548;4;18;20;Player2
1549;6;8;22;Player2
1550;3;6;4;Player2
1551;2;20;9;Player1
1552;2;6;8;Player2
1553;7;1;22;Player1
1554;2;29;10;Player1
1555;6;27;6;Player1
1556;8;28;20;Player2
1557;1;4;1;Player1
1558;7;18;29;Player2
1559;10;19;25;Player2
1560;4;19;2;Player1
1561;7;10;17;Player2
1562;8;2;29;Player2
1563;9;29;2;Player1
1564;5;4;14;Player1
1565;4;27;22;Player2
1566;9;21;14;Player1
1567;9;11;3;Player1
1568;3;2;3;Player1
1569;6;3;11;Player1
1570;3;17;14;Player2
1571;3;13;20;Player2
1572;6;19;23;Player2
1573;9;26;8;Player2
1574;9;30;19;Player1
1575;6;30;27;Player1
1576;9;4;3;Player1
1577;5;8;5;Player1
1578;3;25;22;Player1
1579;8;15;16;Player1
1580;5;27;11;Player2
1581;9;15;14;Player2
1582;2;22;24;Player2
1583;9;8;30;Player1
1584;1;25;7;Player1
1585;10;12;15;Player2
1586;8;3;7;Player1
1587;7;29;9;Player1
1588;8;10;9;Player2
1589;1;19;29;Player2
1590;1;5;8;Player2
1591;5;3;11;Player2
1592;5;18;4;Player2
1593;8;4;6;Player1
1594;10;29;25;Player1
1595;3;14;10;Player1
1596;8;25;11;Player1
1597;3;15;13;Player1
1598;1;1;29;Player2
1599;2;24;6;Player1
1600;2;4;26;Player1
1601;8;3;22;Player1
1602;6;23;26;Player2
1603;6;24;12;Player1
1604;10;30;2;Player1
1605;8;30;14;Player2
1606;6;26;30;Player1
1607;3;25;19;Player1
1608;8;21;25;Player1
1609;4;2;13;Player2
1610;3;25;29;Player2
1611;10;30;2;Player2
1612;3;25;23;Player1
1613;4;21;18;Player1
1614;5;8;17;Player1
1615;3;28;14;Player2
1616;7;2;29;Player2
1617;2;2;10;Player2
1618;3;19;10;Player2
1619;9;28;13;Player1
1620;5;1;21;Player2
1621;5;5;30;Player2
1622;10;9;30;Player2
1623;8;3;6;Player1
1624;5;16;6;Player1
1625;1;4;17;Player1
1626;4;25;23;Player1
1627;5;15;1;Player2
1628;7;24;23;Player1
1629;8;4;12;Player2
1630;4;21;27;Player1
1631;9;10;20;Player2
1632;6;29;3;Player1
1633;5;30;20;Player2
1634;8;8;29;Player1
1635;2;27;17;Player1
1636;8;23;15;Player2
1637;7;5;3;Player2
1638;7;16;17;Player1
1639;3;30;12;Player2
1640;6;24;6;Player1
1641;4;7;12;Player2
1642;6;13;6;Player1
1643;5;17;5;Player1
1644;1;16;25;Player2
1645;1;28;7;Player1
1646;2;22;28;Player2
1647;9;15;11;Player1
1648;8;1;17;Player1
1649;2;20;25;Player1
1650;8;6;29;Player2
1651;5;9;7;Player1
1652;6;27;2;Player2
1653;4;14;15;Player2
1654;4;19;7;Player2
1655;3;10;19;Player2
1656;4;18;19;Player1
1657;5;20;9;Player1
1658;9;3;10;Player1
1659;9;21;7;Player1
1660;4;16;23;Player1
1661;2;13;11;Player2
1662;7;22;8;Player1
1663;2;19;1;Player2
1664;5;15;8;Player2
1665;2;25;26;Player1
1666;10;17;21;Player2
1667;3;16;3;Player1
1668;7;25;17;Player1
1669;9;8;7;Player1
1670;9;20;7;Player1
1671;8;22;28;Player2
1672;9;30;7;Player2
1673;4;5;18;Player2
1674;6;20;29;Player2
1675;1;4;5;Player1
1676;5;1;9;Player1
1677;6;21;4;Player2
1678;7;28;1;Player2
1679;8;6;19;Player2
1680;1;16;14;Player1
1681;8;23;29;Player2
1682;4;11;24;Player2
1683;7;22;25;Player2
1684;2;8;13;Player1
1685;2;17;27;Player2
1686;5;19;21;Player2
1687;10;20;8;Player1
1688;1;12;30;Player1
1689;10;10;24;Player2
1690;7;1;25;Player1
1691;2;4;19;Player1
1692;10;11;27;Player2
1693;4;24;23;Player1
1694;5;21;9;Player1
1695;7;26;13;Player1
1696;2;13;12;Player2
1697;10;18;17;Player1
1698;3;12;26;Player1
1699;10;3;11;Player1
1700;10;21;2;Player1
1701;10;12;22;Player1
1702;9;1;5;Player1
1703;10;30;7;Player2
1704;10;4;25;Player1
1705;10;1;30;Player1
1706;6;15;16;Player1
1707;4;13;28;Player2
1708;3;25;14;Player2
1709;8;22;23;Player1
1710;6;28;9;Player1
1711;8;1;3;Player2
1712;6;12;9;Player1
1713;3;15;26;Player1
1714;2;27;13;Player2
1715;8;5;14;Player2
1716;9;30;11;Player1
1717;9;9;18;Player1
1718;2;13;9;Player1
1719;8;18;9;Player2
1720;1;9;13;Player2
1721;5;3;28;Player2
1722;3;3;22;Player1
1723;4;20;21;Player2
1724;3;1;21;Player2
1725;3;17;15;Player2
1726;6;20;30;Player1
1727;9;23;12;Player2
1728;8;20;21;Player1
1729;6;19;25;Player1
1730;4;24;21;Player2
1731;9;24;17;Player1
1732;3;25;11;Player1
1733;1;22;11;Player1
1734;3;23;22;Player2
1735;2;27;18;Draw
1736;7;4;23;Player1
1737;3;12;29;Player2
1738;1;5;17;Player1
1739;3;5;14;Player2
1740;10;22;15;Player1
1741;10;19;26;Player2
1742;2;3;7;Player2
1743;2;13;22;Player2
1744;7;30;28;Player2
1745;7;16;30;Player1
1746;2;21;23;Player1
1747;1;17;15;Player2
1748;8;28;13;Player1
1749;1;1;19;Player1
1750;10;26;20;Player2
1751;9;1;30;Player1
1752;9;3;5;Player2
1753;4;7;25;Player1
1754;1;2;22;Player2
1755;1;17;12;Player2
1756;4;20;18;Player1
1757;2;15;21;Player2
1758;9;6;30;Player2
1759;3;22;13;Player1
1760;2;2;19;Player1
1761;2;18;2;Player1
1762;8;30;28;Player2
1763;9;14;26;Player1
1764;8;14;29;Player1
1765;1;15;24;Player2
1766;8;11;2;Player1
1767;5;12;30;Player1
1768;3;16;6;Player1
1769;9;27;25;Player2
1770;5;7;13;Player1
1771;8;30;23;Player1
1772;10;29;5;Player1
1773;2;11;13;Player2
1774;8;27;7;Player2
1775;8;15;1;Player2
1776;3;11;21;Player2
1777;4;26;11;Player2
1778;7;17;21;Player2
1779;9;21;2;Player1
1780;2;30;3;Draw
1781;5;27;7;Player2
1782;2;13;15;Player2
1783;7;1;17;Player1
1784;7;2;30;Player2
1785;8;18;15;Player2
1786;2;21;2;Player1
1787;2;15;16;Player2
1788;1;21;12;Player1
1789;1;1;14;Player1
1790;1;4;8;Player1
1791;4;4;12;Player1
1792;1;30;10;Player1
1793;2;17;11;Player2
1794;4;17;24;Player2
1795;2;23;29;Player2
1796;1;26;1;Player2
1797;6;22;15;Player2
1798;9;30;7;Player2
1799;1;11;13;Player2
1800;4;5;27;Player2
1801;7;17;28;Player2
1802;6;10;19;Player2
1803;10;24;11;Player1
1804;2;19;28;Player2
1805;6;1;4;Player2
1806;6;22;8;Player2
1807;3;27;9;Player1
1808;10;3;13;Player1
1809;8;23;1;Player2
1810;7;6;30;Player2
1811;5;16;13;Player1
1812;9;25;30;Player1
1813;4;23;14;Player2
1814;7;21;2;Player1
1815;6;1;3;Player2
1816;2;12;29;Player2
1817;2;7;20;Player2
1818;7;16;9;Player1
1819;6;4;15;Player1
1820;6;22;18;Player1
1821;4;22;18;Player1
1822;6;11;4;Player2
1823;2;22;7;Player1
1824;9;22;29;Player2
1825;6;6;7;Player2
1826;4;3;10;Player1
1827;7;12;2;Player1
1828;5;30;10;Player1
1829;9;30;5;Player2
1830;4;21;16;Player1
1831;8;2;26;Player2
1832;4;30;14;Player2
1833;1;20;30;Player1
1834;10;20;23;Player1
1835;4;15;22;Draw
1836;4;11;3;Player2
1837;3;18;12;Player2
1838;6;11;7;Player2
1839;1;2;19;Player2
1840;4;26;4;Player2
1841;7;27;16;Player2
1842;10;12;27;Player1
1843;8;13;7;Player2
1844;4;6;13;Player2
1845;4;10;22;Player2
1846;7;21;15;Player1
1847;1;5;20;Player2
1848;2;14;4;Player2
1849;7;4;21;Player2
1850;9;8;28;Player2
1851;9;9;24;Player2
1852;3;20;24;Player1
1853;9;12;4;Player2
1854;9;12;28;Player1
1855;10;20;12;Player2
1856;5;28;2;Player1
1857;2;7;11;Player1
1858;5;13;21;Player2
1859;4;11;13;Player2
1860;3;15;8;Player2
1861;3;9;6;Player2
1862;5;28;19;Player1
1863;1;20;28;Player2
1864;9;10;11;Player2
1865;2;24;22;Player2
1866;2;25;22;Player2
1867;2;7;19;Player1
1868;7;1;18;Player1
1869;5;26;4;Player2
1870;9;10;12;Player2
1871;1;27;19;Player1
1872;8;22;18;Player1
1873;5;15;11;Player1
1874;2;12;17;Player1
1875;7;1;25;Player1
1876;2;28;22;Player1
1877;4;18;20;Player2
1878;2;1;18;Player1
1879;3;5;22;Player2
1880;10;2;16;Player2
1881;3;11;17;Player1
1882;7;14;6;Player1
1883;1;1;18;Player1
1884;8;8;24;Player2
1885;10;8;19;Player1
1886;3;17;26;Player2
1887;2;6;22;Player2
1888;6;24;6;Player1
1889;10;27;2;Player1
1890;5;18;27;Player1
1891;6;13;26;Player1
1892;9;2;1;Player2
1893;5;18;12;Player2
1894;7;8;22;Player1
1895;6;15;13;Player1
1896;6;10;11;Player2
1897;4;8;6;Player1
1898;3;25;11;Player1
1899;1;7;24;Player2
1900;2;28;18;Player1
1901;7;22;14;Player2
1902;10;19;25;Player2
1903;1;7;18;Player1
1904;9;29;15;Player1
1905;6;29;30;Player1
1906;10;9;24;Player2
1907;5;18;22;Player2
1908;1;10;22;Player2
1909;3;19;15;Player2
1910;9;25;8;Player2
1911;3;20;24;Player1
1912;10;16;9;Player1
1913;7;27;18;Player1
1914;10;3;5;Player1
1915;1;7;28;Player2
1916;8;13;10;Player1
1917;10;15;9;Player1
1918;3;1;14;Player1
1919;6;4;30;Player1
1920;10;7;14;Player1
1921;3;12;11;Player1
1922;6;9;21;Player2
1923;6;13;22;Player2
1924;3;13;6;Player1
1925;6;15;18;Player1
1926;2;4;15;Player1
1927;10;19;3;Player2
1928;6;3;23;Player1
1929;9;21;24;Player1
1930;10;8;5;Player1
1931;1;11;6;Player1
1932;1;23;17;Player2
1933;5;28;7;Player1
1934;2;30;18;Player2
1935;7;3;4;Player2
1936;8;16;27;Player1
1937;4;1;16;Player1
1938;1;19;11;Player1
1939;8;10;19;Player1
1940;7;19;27;Player2
1941;7;5;17;Player1
1942;2;2;25;Player2
1943;10;12;25;Player1
1944;10;4;17;Player1
1945;10;4;10;Player1
1946;10;20;13;Player1
1947;6;8;29;Player2
1948;10;5;13;Player2
1949;1;23;26;Player2
1950;4;13;28;Player2
1951;9;9;10;Player1
1952;5;25;2;Player1
1953;6;2;9;Player2
1954;8;5;2;Player2
1955;5;28;29;Player2
1956;8;15;8;Player1
1957;3;11;29;Player2
1958;7;20;22;Player1
1959;1;12;8;Player2
1960;4;3;9;Player2
1961;9;13;2;Player1
1962;4;9;19;Player1
1963;6;10;8;Player2
1964;4;19;4;Player2
1965;8;4;28;Player1
1966;6;7;15;Player1
1967;3;8;18;Player1
1968;1;3;29;Player2
1969;1;20;21;Player1
1970;3;6;20;Player2
1971;4;30;7;Player2
1972;7;23;20;Player2
1973;9;4;21;Player2
1974;6;6;29;Player2
1975;2;25;11;Player1
1976;9;8;16;Player2
1977;8;26;5;Player1
1978;7;15;25;Player1
1979;1;4;10;Player1
1980;10;24;19;Player1
1981;6;8;4;Player2
1982;10;10;19;Player2
1983;3;2;11;Player1
1984;8;4;25;Player1
1985;8;3;20;Player2
1986;9;9;19;Player2
1987;3;12;5;Player1
1988;5;11;15;Player2
1989;7;16;12;Player2
1990;6;20;11;Player1
1991;9;10;2;Player2
1992;10;29;25;Player1
1993;3;16;22;Player2
1994;8;6;18;Player1
1995;7;2;29;Player2
1996;4;22;1;Player1
1997;10;2;15;Player2
1998;10;8;23;Player1
1999;9;24;4;Player2
2000;5;4;16;Player1
2001;6;22;28;Player2
2002;9;24;23;Player1
2003;9;4;25;Player1
2004;7;23;27;Player1
2005;7;6;30;Player2
2006;6;20;14;Player1
2007;7;25;20;Player2
2008;1;9;10;Player2
2009;2;12;25;Player2
2010;8;29;2;Player1
2011;8;20;19;Player1
2012;7;24;14;Player1
2013;2;6;8;Player2
2014;2;25;18;Player1
2015;6;16;9;Player1
2016;8;10;2;Player1
2017;7;10;5;Player1
2018;9;11;9;Player2
2019;7;25;13;Player1
2020;10;14;13;Player1
2021;8;23;6;Player2
2022;3;2;3;Player2
2023;6;28;13;Player1
2024;3;2;14;Player2
2025;1;10;1;Player2
2026;1;13;23;Player1
2027;8;15;2;Player1
2028;10;12;20;Player1
2029;4;5;10;Player1
2030;1;25;30;Player1
2031;9;1;22;Player2
2032;5;8;3;Player1
2033;2;13;14;Player1
2034;7;10;13;Player2
2035;7;7;9;Player2
2036;3;14;1;Draw
2037;7;25;12;Player2
2038;4;18;29;Player2
2039;6;6;11;Player2
2040;8;27;28;Player2
2041;5;28;3;Player1
2042;8;16;1;Player2
2043;10;12;3;Player1
2044;4;20;1;Player1
2045;7;26;5;Player2
2046;4;5;6;Player2
2047;4;8;21;Player2
2048;6;2;1;Player2
2049;8;11;13;Player2
2050;8;14;3;Player1
2051;6;27;17;Player2
2052;2;13;11;Player1
2053;10;22;9;Player1
2054;4;3;28;Player2
2055;4;5;12;Player2
2056;8;23;24;Player2
2057;2;2;6;Player1
2058;5;19;7;Player2
2059;9;27;2;Player2
2060;10;5;18;Player2
2061;2;28;1;Player2
2062;8;23;14;Player2
2063;4;13;23;Player1
2064;2;29;14;Player1
2065;5;10;19;Player1
2066;3;21;27;Player1
2067;10;1;21;Player2
2068;6;22;2;Player1
2069;4;23;28;Player2
2070;3;30;16;Player2
2071;7;11;18;Player1
2072;9;28;5;Player1
2073;10;6;13;Player2
2074;1;19;10;Player1
2075;8;14;3;Player1
2076;6;2;10;Player1
2077;2;1;6;Player1
2078;10;19;5;Player2
2079;10;2;7;Player2
2080;6;20;1;Player1
2081;3;13;14;Player2
2082;9;1;18;Player1
2083;5;13;12;Player2
2084;3;16;14;Player2
2085;10;13;11;Player1
2086;9;9;29;Player2
2087;8;21;19;Player1
2088;2;29;10;Player1
2089;8;22;13;Player1
2090;9;27;28;Player2
2091;4;16;13;Player2
2092;8;6;27;Player1
2093;9;13;15;Player2
2094;2;20;28;Player2
2095;8;15;21;Player2
2096;6;11;23;Player1
2097;1;4;29;Player1
2098;10;26;10;Player1
2099;10;22;16;Player2
2100;5;28;27;Player1
2101;6;19;16;Player2
2102;1;19;1;Player1
2103;5;27;7;Player2
2104;5;4;26;Player1
2105;8;30;2;Player1
2106;7;19;14;Player2
2107;3;12;21;Player2
2108;9;24;30;Player1
2109;5;20;3;Player1
2110;9;14;12;Player1
2111;4;16;19;Player1
2112;6;1;13;Player1
2113;7;26;20;Player2
2114;1;14;16;Player1
2115;6;1;3;Player2
2116;3;27;9;Player1
2117;3;3;2;Player1
2118;4;16;24;Player2
2119;8;23;17;Player2
2120;5;11;29;Player2
2121;3;24;3;Player1
2122;6;11;26;Player2
2123;1;1;9;Player1
2124;8;18;30;Player2
2125;2;28;6;Player1
2126;3;23;28;Player2
2127;3;24;25;Player1
2128;7;11;10;Player1
2129;7;30;3;Player2
2130;1;19;21;Player2
2131;8;3;10;Player1
2132;10;1;23;Player1
2133;8;24;22;Player2
2134;10;9;8;Player2
2135;3;2;14;Player2
2136;6;25;18;Player1
2137;7;8;30;Player1
2138;2;16;17;Player1
2139;8;5;13;Player2
2140;8;19;12;Player2
2141;7;30;13;Player1
2142;7;2;15;Player2
2143;5;30;27;Player1
2144;2;6;30;Player2
2145;4;16;17;Player1
2146;4;10;26;Player2
2147;1;5;15;Player2
2148;4;12;22;Player2
2149;6;18;24;Player2
2150;3;27;10;Player1
2151;10;5;11;Player1
2152;3;10;26;Player2
2153;6;1;30;Player1
2154;2;26;21;Player2
2155;5;3;30;Player1
2156;6;30;2;Player2
2157;10;24;4;Player1
2158;3;8;7;Player1
2159;10;30;2;Player2
2160;10;21;28;Player1
2161;2;13;1;Player2
2162;9;29;26;Player1
2163;8;17;7;Player2
2164;9;3;9;Player1
2165;9;24;10;Player1
2166;8;26;9;Player1
2167;8;27;19;Player1
2168;3;30;4;Player2
2169;2;9;28;Player2
2170;9;22;10;Player1
2171;1;12;10;Player1
2172;7;21;13;Player1
2173;2;1;4;Player2
2174;9;20;13;Player1
2175;9;27;22;Player2
2176;10;1;14;Player1
2177;8;14;4;Player2
2178;3;6;25;Player2
2179;9;6;14;Player2
2180;10;27;20;Player2
2181;9;21;26;Player1
2182;10;28;21;Player2
2183;9;26;3;Player2
2184;2;4;26;Player1
2185;2;18;7;Player2
2186;5;27;3;Player2
2187;5;13;9;Player2
2188;3;7;8;Player2
2189;6;2;6;Player1
2190;10;23;15;Player2
2191;5;25;5;Player1
2192;6;7;29;Player2
2193;1;30;29;Player2
2194;4;26;6;Player1
2195;3;1;11;Player1
2196;7;17;18;Player2
2197;4;4;10;Player1
2198;4;14;15;Player1
2199;6;14;15;Player1
2200;5;20;26;Player1
2201;7;14;3;Player2
2202;7;29;10;Player1
2203;3;22;12;Player2
2204;2;19;27;Player2
2205;1;13;18;Player1
2206;10;3;6;Player1
2207;7;29;15;Player1
2208;2;28;20;Player2
2209;7;18;11;Player2
2210;5;2;24;Player2
2211;1;30;10;Player1
2212;2;16;12;Player2
2213;1;24;3;Player1
2214;3;18;25;Player2
2215;5;11;15;Player2
2216;9;7;2;Player1
2217;4;10;12;Player2
2218;9;21;11;Player1
2219;5;17;13;Player2
2220;1;12;29;Player1
2221;8;21;18;Player1
2222;1;19;17;Player2
2223;10;27;6;Player1
2224;9;10;4;Player2
2225;4;11;20;Player2
2226;8;17;5;Player1
2227;8;11;9;Player2
2228;2;23;12;Player2
2229;8;9;19;Player1
2230;7;19;26;Player2
2231;1;10;22;Player2
2232;7;18;5;Player2
2233;9;18;26;Player2
2234;8;5;6;Player1
2235;2;10;2;Player1
2236;7;25;11;Player1
2237;3;16;30;Player1
2238;7;21;1;Player1
2239;3;7;28;Player2
2240;10;18;11;Player2
2241;4;10;8;Player2
2242;5;9;30;Player2
2243;6;23;24;Player2
2244;4;23;30;Player2
2245;2;27;7;Player2
2246;4;2;13;Player1
2247;3;30;14;Player2
2248;9;1;4;Player2
2249;8;14;20;Player2
2250;3;14;11;Player1
2251;6;13;30;Player1
2252;10;28;26;Player1
2253;1;12;2;Player1
2254;6;24;3;Player1
2255;1;6;23;Player1
2256;9;29;25;Player1
2257;5;16;5;Player1
2258;9;26;19;Player1
2259;2;20;9;Player1
2260;4;14;26;Player1
2261;5;22;10;Player1
2262;10;8;11;Player1
2263;4;24;29;Player1
2264;4;7;20;Player2
2265;4;9;6;Player2
2266;4;23;26;Player2
2267;9;26;15;Player2
2268;2;27;29;Player2
2269;4;23;17;Player2
2270;6;20;9;Player1
2271;3;24;28;Player2
2272;8;22;3;Player2
2273;4;4;28;Player1
2274;9;1;5;Player1
2275;6;14;10;Player1
2276;5;3;18;Player1
2277;5;15;27;Player1
2278;4;23;19;Player2
2279;4;16;25;Player2
2280;8;7;15;Player2
2281;7;19;5;Player1
2282;8;25;13;Player2
2283;2;6;17;Player1
2284;10;19;28;Player2
2285;10;26;10;Player1
2286;7;14;19;Player1
2287;10;21;30;Player1
2288;1;5;12;Player2
2289;9;2;10;Player2
2290;4;6;9;Player2
2291;7;27;13;Player2
2292;3;12;1;Player1
2293;8;19;27;Player1
2294;4;28;2;Player1
2295;6;26;9;Player1
2296;1;23;24;Player2
2297;8;18;11;Player2
2298;9;16;25;Player1
2299;3;21;30;Player1
2300;5;23;11;Player2
2301;9;9;11;Player2
2302;5;8;22;Player2
2303;4;12;14;Player1
2304;8;22;26;Player1
2305;10;28;23;Player1
2306;2;20;10;Player1
2307;6;17;10;Player2
2308;10;27;19;Player1
2309;7;20;12;Player1
2310;1;24;22;Player1
2311;6;30;27;Player1
2312;7;11;19;Player2
2313;6;15;19;Player1
2314;4;2;11;Player1
2315;5;21;27;Player1
2316;1;1;19;Player1
2317;7;27;1;Player2
2318;1;4;7;Player1
2319;8;27;13;Player1
2320;4;27;18;Player2
2321;8;27;18;Player2
2322;10;9;22;Player2
2323;2;7;17;Player1
2324;7;8;6;Player1
2325;10;17;15;Player2
2326;8;7;6;Player1
2327;8;14;20;Player2
2328;7;16;28;Player2
2329;7;11;26;Player2
2330;10;15;6;Player1
2331;3;18;1;Player2
2332;7;6;24;Player2
2333;6;13;5;Player2
2334;10;25;2;Player1
2335;1;20;26;Player1
2336;1;18;23;Player1
2337;10;21;8;Player1
2338;6;14;29;Player2
2339;1;11;21;Player2
2340;4;28;27;Player1
2341;10;22;3;Player1
2342;7;9;18;Player2
2343;2;11;9;Player2
2344;6;18;23;Player1
2345;8;28;26;Player1
2346;9;18;8;Player2
2347;10;11;9;Player1
2348;10;13;25;Player1
2349;1;29;4;Player1
2350;1;19;26;Player2
2351;3;17;16;Player2
2352;10;6;3;Player2
2353;3;1;12;Player1
2354;5;11;7;Player2
2355;5;27;3;Player2
2356;2;13;17;Player1
2357;5;27;23;Player1
2358;6;7;17;Player1
2359;3;12;9;Player1
2360;5;1;10;Player1
2361;5;18;22;Player2
2362;3;3;2;Player1
2363;8;10;22;Player2
2364;9;23;18;Player1
2365;1;17;1;Player2
2366;8;15;17;Player1
2367;6;14;17;Player1
2368;1;29;23;Player1
2369;10;21;11;Player1
2370;9;21;25;Player1
2371;1;21;1;Player1
2372;5;25;23;Player1
2373;1;1;24;Player2
2374;9;8;3;Player1
2375;2;12;4;Player2
2376;6;17;21;Player2
2377;8;16;28;Player1
2378;8;16;17;Player1
2379;10;26;20;Player2
2380;8;11;13;Player1
2381;10;10;20;Player2
2382;6;28;3;Player1
2383;3;25;22;Player2
2384;8;18;14;Player2
2385;5;22;6;Player1
2386;7;24;18;Player1
2387;7;27;4;Player2
2388;9;12;5;Player1
2389;5;3;5;Player1
2390;2;9;30;Player1
2391;4;16;20;Player2
2392;5;10;29;Player2
2393;1;27;14;Player2
2394;10;19;23;Player2
2395;5;9;29;Player2
2396;4;30;25;Player2
2397;1;9;3;Player2
2398;4;10;15;Player2
2399;6;1;28;Player2
2400;10;1;26;Player1
2401;8;5;16;Player1
2402;9;5;2;Player1
2403;1;12;8;Player2
2404;6;27;4;Player2
2405;8;9;12;Player2
2406;5;4;6;Player1
2407;1;3;10;Player1
2408;1;1;27;Player1
2409;4;6;2;Player2
2410;9;1;28;Player2
2411;5;18;5;Player1
2412;2;7;6;Player1
2413;6;28;20;Player2
2414;3;14;4;Player2
2415;8;6;29;Player2
2416;4;6;28;Player2
2417;7;25;10;Player1
2418;1;24;18;Player1
2419;2;16;26;Player1
2420;4;26;20;Player2
2421;2;3;7;Player1
2422;5;1;16;Player2
2423;6;25;5;Player1
2424;8;30;9;Player2
2425;10;15;27;Player1
2426;1;24;21;Player2
2427;2;14;30;Player1
2428;6;30;7;Player2
2429;6;9;25;Player2
2430;4;13;22;Player2
2431;1;1;2;Player1
2432;9;8;12;Player2
2433;5;3;6;Player1
2434;8;9;12;Player2
2435;1;24;26;Player1
2436;8;25;9;Player1
2437;2;4;22;Player1
2438;7;2;13;Player1
2439;1;7;3;Player2
2440;8;18;23;Player1
2441;5;28;13;Player1
2442;3;6;29;Player2
2443;5;24;7;Player1
2444;6;2;22;Player2
2445;7;20;6;Player1
2446;4;11;7;Player2
2447;6;16;14;Player1
2448;10;26;9;Player1
2449;7;5;30;Player2
2450;4;11;2;Player1
2451;5;27;15;Player2
2452;10;22;12;Player1
2453;9;10;18;Player2
2454;1;25;1;Player1
2455;10;7;3;Player2
2456;3;20;12;Player1
2457;9;1;26;Player1
2458;3;19;2;Player2
2459;2;6;2;Player1
2460;10;14;2;Player1
2461;2;18;13;Player2
2462;3;6;5;Player1
2463;8;3;28;Player2
2464;7;20;1;Player1
2465;5;16;21;Player2
2466;3;15;20;Player1
2467;6;1;16;Player1
2468;2;13;11;Player1
2469;5;14;9;Player1
2470;4;5;17;Player2
2471;6;26;27;Player1
2472;7;28;8;Player1
2473;10;27;1;Player2
2474;5;23;17;Player2
2475;9;13;12;Player2
2476;4;7;4;Player2
2477;5;26;22;Player2
2478;6;28;14;Player1
2479;1;12;5;Player1
2480;9;1;23;Player1
2481;4;25;29;Player1
2482;2;15;25;Player1
2483;5;3;19;Player1
2484;7;25;18;Player1
2485;10;9;8;Player2
2486;10;5;30;Player2
2487;2;11;7;Player2
2488;9;3;9;Player1
2489;1;28;14;Player1
2490;6;16;4;Player2
2491;1;27;8;Player2
2492;1;29;19;Player1
2493;7;29;17;Player1
2494;10;5;16;Player2
2495;8;1;4;Player2
2496;6;20;7;Player1
2497;1;8;5;Player1
2498;8;20;17;Player1
2499;6;23;20;Player2
2500;8;17;27;Player1
2501;4;3;10;Player1
2502;3;22;12;Player2
2503;1;9;10;Player1
2504;7;2;13;Player2
2505;2;3;20;Player2
2506;2;8;22;Player1
2507;5;9;7;Player1
2508;5;8;30;Player1
2509;4;7;22;Player2
2510;6;7;30;Player1
2511;10;13;21;Player2
2512;7;3;13;Player1
2513;5;22;13;Player1
2514;3;13;28;Player2
2515;7;6;4;Player2
2516;1;1;15;Player2
2517;9;18;12;Player2
2518;5;13;19;Player1
2519;4;19;25;Player1
2520;7;27;15;Player2
2521;4;27;2;Player2
2522;8;17;19;Player2
2523;3;20;1;Player1
2524;4;16;17;Player1
2525;4;23;26;Player1
2526;9;6;3;Player2
2527;3;23;7;Player1
2528;6;9;19;Player1
2529;1;21;1;Player1
2530;6;16;14;Player2
2531;10;9;26;Player2
2532;9;23;17;Draw
2533;5;28;19;Player1
2534;5;29;11;Player1
2535;9;25;3;Player1
2536;8;16;21;Player2
2537;8;6;13;Player2
2538;3;14;4;Player2
2539;5;14;19;Player1
2540;7;23;27;Player1
2541;6;20;5;Player1
2542;7;20;8;Player1
2543;3;13;30;Player1
2544;5;13;9;Player2
2545;9;12;24;Player1
2546;6;23;14;Player2
2547;4;23;5;Player2
2548;1;9;10;Player2
2549;8;26;25;Player1
2550;10;20;10;Player1
2551;8;14;6;Player1
2552;2;27;10;Player2
2553;9;28;6;Player1
2554;7;5;4;Player2
2555;2;15;23;Player1
2556;4;8;3;Player1
2557;2;13;21;Player2
2558;8;27;30;Player1
2559;9;8;11;Player1
2560;5;16;25;Player2
2561;7;30;24;Player2
2562;2;11;30;Player1
2563;5;23;15;Player2
2564;3;20;26;Player1
2565;1;22;19;Player1
2566;6;21;25;Player1
2567;8;27;18;Player2
2568;7;12;7;Player1
2569;2;24;18;Player1
2570;10;1;19;Player1
2571;4;11;12;Player2
2572;4;13;5;Player2
2573;8;30;5;Player2
2574;6;2;16;Player2
2575;9;26;23;Player1
2576;4;27;5;Player1
2577;6;20;18;Player1
2578;3;8;20;Player2
2579;6;20;19;Player1
2580;5;3;17;Player1
2581;9;28;22;Player1
2582;5;17;10;Player1
2583;5;28;9;Player1
2584;7;22;21;Player1
2585;1;25;26;Player1
2586;5;5;16;Player2
2587;5;24;28;Player2
2588;1;26;11;Player2
2589;8;12;4;Player2
2590;6;5;23;Player2
2591;6;24;28;Player2
2592;8;11;5;Player1
2593;5;22;10;Player1
2594;9;13;30;Player1
2595;9;28;29;Player1
2596;9;27;14;Player2
2597;2;5;16;Player2
2598;7;4;9;Player1
2599;4;30;2;Player1
2600;2;26;5;Player2
2601;6;21;23;Player1
2602;8;27;28;Player2
2603;8;4;15;Player1
2604;2;8;13;Player1
2605;10;30;12;Player2
2606;5;18;29;Player2
2607;7;4;16;Player1
2608;3;29;30;Player1
2609;7;14;21;Player2
2610;1;28;11;Player1
2611;2;13;27;Player1
2612;3;8;22;Player2
2613;1;10;1;Player2
2614;10;4;24;Player2
2615;2;3;28;Player2
2616;10;28;4;Player1
2617;2;22;13;Player1
2618;7;30;22;Player2
2619;8;16;23;Player1
2620;3;9;14;Player2
2621;7;6;4;Player2
2622;1;26;16;Player1
2623;8;22;20;Player2
2624;4;8;29;Player2
2625;8;1;23;Player1
2626;2;26;3;Player2
2627;7;16;17;Player1
2628;10;6;29;Player2
2629;6;14;6;Player1
2630;5;23;29;Player2
2631;8;2;17;Player2
2632;9;29;18;Player1
2633;6;15;3;Player2
2634;3;28;12;Player1
2635;2;1;5;Player1
2636;10;19;21;Player2
2637;7;25;28;Player2
2638;7;5;28;Player1
2639;2;15;30;Player1
2640;4;21;12;Player1
2641;8;16;30;Player1
2642;6;7;12;Player1
2643;9;3;5;Player1
2644;6;12;1;Player2
2645;5;19;6;Player2
2646;8;6;24;Player2
2647;7;26;16;Player2
2648;9;28;2;Player1
2649;2;28;19;Player1
2650;7;14;18;Player1
2651;3;24;21;Player1
2652;8;12;17;Player1
2653;1;29;25;Player1
2654;10;19;23;Player1
2655;6;16;20;Player2
2656;1;10;15;Draw
2657;10;25;13;Player1
2658;9;17;26;Player2
2659;5;2;21;Player2
2660;5;9;23;Player1
2661;3;19;17;Player1
2662;4;18;11;Player2
2663;9;7;24;Player2
2664;10;12;25;Player2
2665;9;25;27;Player1
2666;2;1;16;Player1
2667;5;10;19;Player1
2668;9;24;8;Player1
2669;6;5;13;Player2
2670;4;11;27;Player1
2671;6;21;2;Player1
2672;7;30;6;Player1
2673;3;29;10;Player1
2674;2;3;22;Player1
2675;10;13;18;Player1
2676;1;22;29;Player2
2677;3;2;5;Player1
2678;9;30;14;Player2
2679;10;7;24;Player1
2680;10;21;6;Player1
2681;1;22;14;Player1
2682;10;1;5;Player1
2683;7;7;28;Player2
2684;9;10;17;Player2
2685;10;3;8;Player2
2686;7;7;11;Player1
2687;5;29;13;Player1
2688;8;15;9;Player1
2689;7;3;21;Player2
2690;4;23;24;Player2
2691;2;22;8;Player1
2692;2;11;9;Player1
2693;1;12;14;Player1
2694;4;15;1;Player1
2695;5;23;19;Player1
2696;10;28;7;Player1
2697;4;30;14;Player2
2698;5;23;24;Player2
2699;3;8;5;Player1
2700;4;29;14;Player1
2701;3;14;5;Player1
2702;8;18;10;Draw
2703;7;22;27;Player1
2704;3;3;29;Player2
2705;5;27;28;Player2
2706;2;5;17;Player2
2707;5;20;24;Player2
2708;10;26;24;Player2
2709;4;13;15;Player2
2710;2;27;4;Player2
2711;10;27;14;Player2
2712;9;23;2;Player2
2713;3;2;6;Player1
2714;4;21;6;Player1
2715;5;9;28;Player2
2716;9;3;26;Player1
2717;7;1;4;Player2
2718;7;6;9;Player1
2719;4;27;19;Player2
2720;9;11;6;Player1
2721;8;12;26;Player1
2722;6;16;6;Player1
2723;9;8;5;Player1
2724;4;17;3;Player2
2725;7;25;30;Player1
2726;9;3;18;Player1
2727;7;14;11;Player1
2728;1;15;27;Player1
2729;2;16;21;Player2
2730;5;10;26;Player2
2731;1;17;21;Player2
2732;4;15;10;Player1
2733;8;18;24;Player2
2734;8;30;25;Player2
2735;1;29;14;Player1
2736;4;8;12;Player1
2737;1;2;25;Player2
2738;9;14;28;Player2
2739;10;6;27;Player1
2740;6;23;1;Player2
2741;4;11;28;Player2
2742;4;15;30;Player1
2743;7;11;10;Player1
2744;9;9;16;Player2
2745;6;5;14;Player2
2746;5;28;17;Player1
2747;4;1;8;Player1
2748;1;25;9;Player1
2749;8;12;3;Player1
2750;5;6;10;Player2
2751;8;12;26;Player1
2752;10;7;20;Player2
2753;5;12;15;Player1
2754;1;19;27;Player1
2755;4;20;23;Player1
2756;5;8;9;Player2
2757;4;10;8;Player2
2758;8;16;23;Player1
2759;7;6;16;Player2
2760;9;10;3;Player2
2761;1;19;6;Player1
2762;7;8;28;Player2
2763;9;2;29;Player2
2764;1;19;17;Player2
2765;4;29;12;Player1
2766;6;9;6;Player2
2767;8;21;5;Player1
2768;1;10;26;Player2
2769;1;3;26;Player1
2770;2;30;1;Player2
2771;4;8;2;Player1
2772;7;18;30;Player2
2773;9;1;13;Player1
2774;4;20;6;Player1
2775;8;20;22;Player1
2776;4;9;18;Player1
2777;4;13;28;Player2
2778;10;4;19;Player1
2779;4;4;9;Player1
2780;1;30;5;Player1
2781;10;18;2;Player1
2782;5;21;11;Player1
2783;4;21;12;Player1
2784;8;20;8;Player1
2785;10;20;2;Player1
2786;2;14;21;Player2
2787;3;10;24;Player2
2788;2;23;18;Player2
2789;5;24;4;Player1
2790;8;13;14;Player2
2791;3;11;1;Player2
2792;2;25;2;Player1
2793;4;13;30;Player1
2794;2;8;19;Player1
2795;7;29;23;Draw
2796;6;18;15;Player2
2797;7;1;20;Player2
2798;4;7;21;Player2
2799;5;24;26;Player1
2800;3;25;27;Player1
2801;10;1;8;Player2
2802;3;21;10;Player1
2803;10;15;26;Player1
2804;8;25;1;Player2
2805;2;23;3;Player2
2806;9;3;24;Player2
2807;7;14;6;Player1
2808;9;27;13;Player2
2809;4;4;5;Player1
2810;3;27;1;Player2
2811;1;20;19;Player1
2812;4;5;7;Player1
2813;5;9;14;Player2
2814;6;3;20;Player2
2815;9;7;19;Player1
2816;3;14;19;Player1
2817;7;21;2;Player1
2818;6;11;22;Player2
2819;2;5;26;Player2
2820;9;18;5;Player2
2821;8;19;25;Player2
2822;7;5;13;Player2
2823;8;19;26;Player2
2824;4;25;15;Player1
2825;1;1;3;Player1
2826;2;10;6;Player1
2827;8;7;22;Player2
2828;2;21;11;Player1
2829;4;1;8;Player2
2830;6;18;3;Player2
2831;4;5;22;Player2
2832;9;18;15;Player2
2833;3;25;3;Player1
2834;8;8;25;Player1
2835;6;13;27;Player1
2836;7;9;10;Player2
2837;7;17;25;Player2
2838;5;28;11;Player1
2839;5;4;29;Player1
2840;2;18;5;Player2
2841;8;9;1;Player2
2842;8;8;20;Player2
2843;7;2;14;Player1
2844;1;6;16;Player2
2845;10;29;27;Player1
2846;7;9;14;Player2
2847;8;22;28;Player2
2848;9;1;9;Player2
2849;9;7;12;Player1
2850;4;14;16;Player2
2851;1;8;29;Player2
2852;10;30;25;Player2
2853;9;5;8;Player1
2854;1;7;27;Player1
2855;6;12;10;Player1
2856;6;30;13;Player1
2857;1;4;21;Player2
2858;3;30;13;Player1
2859;5;16;30;Player1
2860;4;12;13;Player1
2861;1;6;1;Player2
2862;2;26;9;Player2
2863;1;27;30;Player2
2864;3;1;4;Player2
2865;1;25;15;Player1
2866;10;23;20;Player2
2867;10;10;8;Player2
2868;9;11;10;Player1
2869;6;11;8;Player2
2870;9;26;14;Player2
2871;9;15;23;Player1
2872;9;13;2;Player1
2873;1;28;16;Player1
2874;5;13;3;Player2
2875;6;14;4;Player2
2876;10;24;6;Player1
2877;4;6;24;Player2
2878;2;16;3;Player1
2879;7;13;26;Player2
2880;1;8;16;Player1
2881;6;20;2;Player1
2882;4;8;16;Player1
2883;2;12;13;Player1
2884;10;25;4;Player2
2885;6;28;6;Player1
2886;3;27;6;Player1
2887;6;17;3;Player2
2888;10;21;15;Player2
2889;3;21;30;Player1
2890;1;6;21;Player2
2891;1;1;24;Player2
2892;7;28;6;Player1
2893;8;6;13;Player2
2894;10;16;30;Player1
2895;2;7;18;Player1
2896;10;30;27;Player1
2897;10;16;29;Player2
2898;4;28;2;Player1
2899;6;26;24;Player2
2900;4;21;22;Player2
2901;2;7;1;Player2
2902;2;3;28;Player2
2903;7;4;19;Player1
2904;2;18;4;Player2
2905;7;10;2;Player2
2906;4;22;8;Player2
2907;1;16;21;Player2
2908;8;8;20;Player1
2909;8;3;4;Player2
2910;5;20;3;Player1
2911;7;2;15;Player2
2912;10;12;10;Player1
2913;7;24;4;Player2
2914;3;2;26;Player2
2915;9;9;28;Player2
2916;10;25;19;Player1
2917;6;21;4;Player2
2918;3;6;2;Player1
2919;5;29;11;Player1
2920;5;1;25;Player2
2921;3;14;16;Player2
2922;5;16;20;Player2
2923;8;28;23;Player1
2924;8;28;5;Player1
2925;9;14;25;Player2
2926;9;30;22;Player2
2927;8;8;16;Player1
2928;9;30;27;Player1
2929;1;9;20;Player2
2930;4;11;19;Player1
2931;7;4;26;Player1
2932;1;13;24;Player2
2933;4;13;6;Player1
2934;10;21;8;Player1
2935;5;6;12;Player2
2936;5;23;7;Player2
2937;6;30;19;Player1
2938;7;24;10;Player1
2939;4;15;17;Player1
2940;8;19;11;Player2
2941;2;25;13;Player1
2942;9;17;2;Player1
2943;1;25;13;Player1
2944;7;29;10;Player1
2945;5;26;25;Player2
2946;5;1;24;Player2
2947;5;13;17;Player1
2948;10;19;12;Player2
2949;6;24;10;Player1
2950;3;29;28;Player1
2951;9;20;25;Player1
2952;9;18;27;Player1
2953;4;26;19;Player1
2954;8;19;28;Player2
2955;4;14;1;Player1
2956;5;26;28;Player2
2957;8;6;15;Player2
2958;9;27;7;Player2
2959;1;11;7;Player2
2960;8;5;24;Player2
2961;6;9;26;Player1
2962;6;24;10;Player1
2963;10;26;9;Player2
2964;2;20;5;Player1
2965;7;5;24;Player2
2966;4;20;5;Player1
2967;4;20;29;Player1
2968;5;3;23;Player1
2969;6;15;23;Player1
2970;7;1;8;Player2
2971;9;24;22;Player2
2972;1;19;11;Draw
2973;7;9;20;Player2
2974;7;25;1;Player1
2975;7;17;10;Player2
2976;3;22;13;Player1
2977;7;22;2;Player1
2978;4;15;25;Player2
2979;1;7;4;Player2
2980;10;10;18;Player2
2981;3;26;1;Player2
2982;3;27;14;Player2
2983;6;16;14;Player1
2984;7;12;15;Player1
2985;8;26;29;Player2
2986;1;17;7;Player2
2987;2;27;1;Player2
2988;7;25;16;Player1
2989;1;3;8;Player2
2990;10;10;4;Player2
2991;2;7;11;Player1
2992;7;27;5;Player1
2993;9;8;20;Player2
2994;10;10;7;Player2
2995;6;21;11;Player1
2996;9;2;19;Player1
2997;9;18;21;Player2
2998;6;30;13;Player2
2999;6;22;2;Player1
3000;2;21;24;Player2
3001;4;8;7;Player2
3002;2;18;5;Player2
3003;8;16;29;Player2
3004;6;4;9;Player1
3005;9;6;18;Player2
3006;2;8;4;Player2
3007;2;2;19;Player1
3008;1;22;13;Player1
3009;6;7;29;Player2
3010;2;6;4;Player2
3011;8;18;26;Player2
3012;6;2;30;Player1
3013;5;3;6;Player1
3014;2;16;20;Player2
3015;4;15;12;Player2
3016;8;24;26;Player1
3017;4;14;28;Player2
3018;6;19;23;Player1
3019;10;4;16;Player1
3020;2;16;29;Player2
3021;7;29;24;Player1
3022;8;30;22;Player2
3023;9;15;16;Player2
3024;1;20;2;Player1
3025;10;20;16;Player1
3026;1;1;8;Player2
3027;1;23;14;Player2
3028;2;26;22;Player2
3029;2;25;29;Player2
3030;5;5;29;Player2
3031;3;21;18;Player1
3032;9;7;18;Player1
3033;7;14;15;Draw
3034;4;19;9;Draw
3035;9;27;25;Player2
3036;3;9;30;Player2
3037;3;18;3;Player2
3038;5;27;23;Player1
3039;1;4;3;Player1
3040;8;15;6;Player1
3041;6;19;11;Player1
3042;5;12;30;Player2
3043;10;24;13;Player1
3044;8;3;18;Player1
3045;2;12;5;Player1
3046;10;23;30;Player2
3047;10;10;17;Player2
3048;9;27;17;Player2
3049;9;6;25;Player2
3050;6;22;4;Player2
3051;4;25;29;Player2
3052;10;27;30;Player2
3053;9;24;15;Player2
3054;6;13;15;Player2
3055;5;9;16;Player2
3056;7;16;15;Player1
3057;1;11;12;Player2
3058;8;5;19;Player1
3059;7;23;24;Player2
3060;7;7;5;Player1
3061;5;2;10;Player1
3062;5;8;20;Player1
3063;3;15;5;Player1
3064;1;29;16;Player1
3065;5;27;2;Player2
3066;4;18;2;Player2
3067;3;20;10;Player1
3068;5;12;23;Player1
3069;7;21;25;Player1
3070;2;3;8;Player1
3071;7;4;8;Player1
3072;3;25;13;Player1
3073;9;26;8;Player2
3074;5;3;1;Player2
3075;6;5;13;Player1
3076;6;3;8;Player2
3077;8;11;5;Player1
3078;9;9;17;Player2
3079;6;12;21;Player2
3080;9;30;18;Player1
3081;9;23;12;Player2
3082;3;2;26;Player2
3083;7;12;3;Player1
3084;9;7;22;Player2
3085;4;17;18;Player2
3086;4;24;8;Player1
3087;6;27;18;Player2
3088;2;4;23;Player1
3089;8;13;25;Player2
3090;8;26;14;Player2
3091;7;20;27;Player1
3092;7;1;11;Player1
3093;6;18;3;Player2
3094;2;9;22;Player2
3095;5;28;4;Player1
3096;10;28;23;Player1
3097;5;16;18;Player1
3098;1;8;4;Player2
3099;7;9;20;Player2
3100;1;24;19;Player1
3101;7;17;16;Player2
3102;9;28;18;Player1
3103;3;6;16;Player2
3104;2;22;7;Player1
3105;9;23;18;Player1
3106;7;12;6;Player1
3107;1;21;16;Player1
3108;9;22;11;Player1
3109;8;10;12;Player2
3110;7;19;23;Player2
3111;5;30;25;Player2
3112;3;17;23;Player2
3113;6;16;1;Player1
3114;3;18;23;Draw
3115;4;23;25;Player2
3116;6;9;16;Player2
3117;5;6;27;Player1
3118;2;1;3;Player2
3119;2;30;26;Player2
3120;3;24;18;Player1
3121;8;3;17;Player1
3122;5;17;23;Player1
3123;9;21;6;Player1
3124;2;19;26;Player1
3125;9;4;23;Player1
3126;5;29;17;Player1
3127;3;2;26;Player1
3128;3;14;26;Player1
3129;4;29;22;Player1
3130;1;17;28;Player2
3131;4;23;13;Player1
3132;5;16;7;Player2
3133;10;7;2;Player1
3134;7;18;10;Player1
3135;3;17;2;Player2
3136;4;28;30;Player1
3137;7;5;27;Player1
3138;4;9;17;Player2
3139;10;25;4;Player2
3140;8;9;24;Player2
3141;10;11;20;Player2
3142;8;18;4;Player2
3143;6;24;19;Player1
3144;5;12;23;Player1
3145;6;17;15;Player2
3146;9;19;27;Player1
3147;8;30;2;Player2
3148;1;30;12;Player2
3149;9;12;14;Player2
3150;1;28;21;Player1
3151;3;15;29;Player2
3152;7;8;7;Player1
3153;10;22;29;Player2
3154;4;16;4;Player2
3155;2;25;23;Player1
3156;1;6;23;Player2
3157;3;26;7;Player2
3158;8;5;9;Player2
3159;3;30;12;Player2
3160;7;28;6;Player1
3161;10;26;27;Player1
3162;8;14;28;Player2
3163;3;6;9;Player1
3164;10;25;28;Player2
3165;10;27;15;Player2
3166;7;11;5;Player1
3167;8;27;7;Player1
3168;5;25;3;Player2
3169;7;26;10;Player1
3170;9;17;9;Player2
3171;8;14;24;Player2
3172;3;9;20;Player2
3173;9;14;11;Player1
3174;5;11;30;Player2
3175;4;25;1;Player1
3176;8;9;25;Player2
3177;6;19;7;Player2
3178;10;1;30;Player1
3179;5;2;25;Player2
3180;2;18;19;Player2
3181;5;19;1;Player2
3182;2;12;4;Player2
3183;8;19;25;Player2
3184;9;27;25;Player2
3185;3;17;8;Player2
3186;2;30;2;Player1
3187;9;18;2;Draw
3188;7;24;20;Player2
3189;8;26;23;Player1
3190;5;10;19;Player2
3191;3;1;23;Player1
3192;5;6;11;Draw
3193;2;13;20;Player2
3194;1;4;21;Player2
3195;4;3;23;Player1
3196;8;24;15;Player1
3197;8;22;3;Player1
3198;6;10;1;Draw
3199;4;9;26;Player1
3200;4;24;16;Player1
3201;3;12;9;Player1
3202;1;9;27;Player1
3203;9;17;11;Player1
3204;4;24;17;Player1
3205;4;29;14;Player1
3206;10;25;21;Player2
3207;3;8;2;Player1
3208;6;2;19;Player1
3209;8;20;21;Player1
3210;6;21;27;Player1
3211;2;4;20;Player2
3212;4;25;23;Player1
3213;4;25;26;Player1
3214;9;7;4;Player2
3215;4;28;16;Player1
3216;2;11;18;Player1
3217;5;15;5;Player2
3218;1;16;15;Player1
3219;7;10;20;Player2
3220;4;19;6;Player2
3221;4;27;14;Player2
3222;3;21;28;Player1
3223;10;4;21;Player1
3224;1;1;27;Player1
3225;2;28;25;Player1
3226;1;7;22;Player2
3227;2;9;11;Player2
3228;4;16;13;Player1
3229;7;21;4;Player2
3230;8;23;13;Player2
3231;7;4;7;Player1
3232;7;1;11;Player1
3233;7;15;7;Player1
3234;9;4;8;Player2
3235;3;6;14;Player2
3236;7;11;19;Player1
3237;10;28;4;Player2
3238;9;21;10;Player1
3239;1;6;11;Player2
3240;6;1;24;Player2
3241;3;12;8;Player1
3242;5;27;21;Player2
3243;6;27;15;Player2
3244;5;22;15;Player2
3245;3;5;4;Player2
3246;1;10;30;Player2
3247;1;11;15;Player2
3248;8;26;10;Player1
3249;9;14;27;Player1
3250;7;26;30;Player1
3251;9;15;7;Player1
3252;7;16;26;Player1
3253;7;29;17;Player1
3254;2;29;23;Player1
3255;3;12;14;Player1
3256;10;5;23;Player1
3257;10;1;2;Player1
3258;6;20;10;Player1
3259;5;16;29;Player2
3260;6;14;24;Player2
3261;10;1;15;Player2
3262;7;8;18;Player1
3263;4;8;19;Player1
3264;5;13;15;Player2
3265;5;23;26;Player2
3266;2;29;11;Draw
3267;10;22;3;Player1
3268;6;29;17;Player1
3269;10;17;16;Player2
3270;5;10;21;Player2
3271;4;4;25;Player1
3272;5;22;21;Player1
3273;7;4;7;Player1
3274;3;16;15;Player2
3275;3;20;15;Player2
3276;1;17;23;Player1
3277;3;1;4;Player2
3278;1;3;16;Player2
3279;8;16;11;Player1
3280;7;21;3;Player1
3281;9;28;29;Player1
3282;1;9;20;Player2
3283;1;1;5;Player1
3284;6;25;4;Player2
3285;7;6;18;Player2
3286;1;10;28;Player2
3287;2;9;29;Player2
3288;4;9;21;Player2
3289;9;27;23;Player1
3290;1;19;6;Player1
3291;6;13;16;Player2
3292;4;25;18;Player1
3293;9;23;11;Player2
3294;7;7;16;Player2
3295;10;1;6;Player1
3296;10;23;27;Player2
3297;5;14;7;Player2
3298;2;20;12;Player1
3299;3;16;20;Player2
3300;10;16;13;Player1
3301;10;7;13;Player1
3302;7;29;13;Player1
3303;10;29;11;Player1
3304;6;10;18;Player2
3305;5;8;3;Player1
3306;5;18;8;Player2
3307;9;12;5;Player2
3308;10;27;6;Player2
3309;2;20;23;Player1
3310;10;13;10;Player1
3311;10;2;8;Player2
3312;2;28;30;Player1
3313;8;19;3;Player2
3314;6;12;24;Player2
3315;7;29;4;Player1
3316;4;28;13;Player1
3317;5;22;28;Player1
3318;3;24;4;Player2
3319;3;2;11;Player2
3320;7;1;9;Player2
3321;1;15;16;Player2
3322;4;3;8;Player2
3323;2;18;11;Player1
3324;2;10;29;Player2
3325;4;21;1;Player1
3326;1;11;28;Player2
3327;4;11;23;Player1
3328;4;25;22;Player2
3329;2;16;9;Player1
3330;7;21;26;Player1
3331;8;27;19;Player2
3332;3;5;27;Player1
3333;9;15;27;Player1
3334;1;9;10;Player1
3335;10;6;12;Draw
3336;1;9;3;Player2
3337;5;28;21;Player1
3338;6;5;20;Player2
3339;8;9;20;Player2
3340;10;20;18;Player1
3341;5;7;27;Player2
3342;4;15;13;Player1
3343;2;11;17;Player1
3344;1;3;27;Player1
3345;5;7;2;Player1
3346;4;10;19;Player1
3347;2;13;7;Player2
3348;2;1;24;Player2
3349;10;7;23;Player1
3350;3;8;26;Player1
3351;4;15;25;Player1
3352;5;27;3;Player2
3353;10;18;22;Player2
3354;6;19;28;Player2
3355;9;30;26;Player1
3356;7;12;28;Player2
3357;1;5;30;Player2
3358;4;14;7;Player2
3359;2;24;6;Player1
3360;7;10;9;Player2
3361;7;12;4;Player2
3362;1;27;18;Player2
3363;10;23;11;Player1
3364;10;1;22;Player1
3365;3;11;24;Player2
3366;10;20;2;Player1
3367;9;11;25;Player1
3368;9;11;4;Player2
3369;6;6;2;Player2
3370;9;29;3;Player1
3371;5;10;9;Player2
3372;9;10;8;Player2
3373;3;26;3;Player2
3374;6;23;20;Player2
3375;3;20;5;Player1
3376;5;4;3;Player1
3377;2;2;4;Player2
3378;5;5;29;Player2
3379;1;24;2;Player1
3380;6;25;22;Player2
3381;3;14;24;Player2
3382;5;3;21;Player2
3383;6;14;2;Player1
3384;10;15;25;Player2
3385;2;21;18;Player1
3386;10;10;21;Player2
3387;10;19;2;Player1
3388;10;5;28;Player2
3389;4;24;5;Player1
3390;2;30;16;Player2
3391;4;25;2;Player1
3392;9;22;10;Player1
3393;5;9;17;Player2
3394;1;25;21;Player2
3395;4;27;18;Player2
3396;4;5;15;Player2
3397;4;9;15;Player2
3398;7;2;6;Player1
3399;9;19;9;Player1
3400;2;10;17;Player2
3401;4;14;16;Player2
3402;7;20;23;Player1
3403;4;30;9;Player1
3404;6;1;4;Player2
3405;9;25;12;Player2
3406;7;9;10;Player2
3407;10;19;20;Player2
3408;9;22;2;Player1
3409;8;24;27;Player1
3410;10;4;1;Player1
3411;9;29;8;Player1
3412;6;20;7;Player1
3413;6;17;29;Player2
3414;1;17;15;Player2
3415;3;30;14;Player2
3416;3;16;11;Player1
3417;6;22;1;Player1
3418;2;21;27;Player1
3419;6;23;15;Player2
3420;9;26;27;Player1
3421;4;27;9;Player1
3422;7;3;26;Player1
3423;4;5;6;Player2
3424;1;23;12;Player2
3425;9;3;6;Player1
3426;7;23;18;Player1
3427;5;9;16;Player2
3428;5;12;30;Player1
3429;10;9;18;Player1
3430;1;14;3;Player1
3431;7;3;21;Player2
3432;7;19;24;Player2
3433;9;12;11;Player1
3434;5;6;2;Player2
3435;7;9;6;Player2
3436;4;18;22;Player2
3437;9;1;27;Player1
3438;4;18;11;Player1
3439;9;16;9;Player1
3440;7;24;9;Player1
3441;3;22;23;Player1
3442;4;22;9;Player1
3443;1;13;17;Player1
3444;3;3;6;Player1
3445;5;13;11;Player1
3446;3;29;22;Player1
3447;3;21;30;Player1
3448;2;4;14;Player1
3449;4;4;16;Player1
3450;6;9;4;Player2
3451;1;25;19;Player1
3452;4;6;15;Player2
3453;9;5;17;Player1
3454;2;7;6;Player1
3455;8;9;28;Player2
3456;1;20;5;Player1
3457;6;29;17;Player1
3458;3;19;3;Player2
3459;3;12;18;Player1
3460;8;3;18;Player1
3461;5;1;4;Player2
3462;6;17;9;Player1
3463;9;6;8;Player2
3464;2;4;25;Player1
3465;9;11;14;Player2
3466;6;4;26;Player1
3467;4;15;12;Player2
3468;10;11;17;Player2
3469;8;6;16;Player2
3470;1;25;27;Player1
3471;2;3;30;Player1
3472;7;7;2;Player2
3473;2;22;20;Player1
3474;2;14;28;Player2
3475;5;26;22;Player2
3476;5;8;20;Player2
3477;8;9;22;Player2
3478;4;18;3;Draw
3479;10;21;24;Player1
3480;1;20;3;Player1
3481;10;12;13;Player1
3482;2;3;22;Player2
3483;8;7;8;Player2
3484;9;13;5;Player1
3485;5;11;1;Player2
3486;9;7;15;Player2
3487;9;14;29;Player2
3488;2;10;17;Player2
3489;9;9;15;Player2
3490;3;23;16;Player2
3491;6;24;2;Player1
3492;5;2;3;Player2
3493;1;5;23;Player2
3494;4;9;1;Player1
3495;6;21;26;Player1
3496;1;27;8;Player2
3497;3;28;15;Player1
3498;2;3;6;Player1
3499;9;7;3;Player1
3500;3;25;24;Player2
3501;8;9;15;Player2
3502;1;16;20;Player1
3503;10;10;9;Player2
3504;8;1;2;Player1
3505;10;25;6;Player1
3506;7;15;19;Player1
3507;3;18;13;Player2
3508;10;26;2;Draw
3509;5;21;26;Player1
3510;6;26;30;Player1
3511;8;11;30;Player2
3512;7;1;16;Player2
3513;6;5;6;Player1
3514;1;18;29;Player2
3515;6;28;13;Player1
3516;2;8;1;Player2
3517;3;22;14;Player1
3518;10;7;12;Player2
3519;7;14;20;Player2
3520;3;18;29;Player2
3521;10;26;14;Player2
3522;8;13;21;Player2
3523;5;2;5;Player1
3524;6;25;14;Player2
3525;4;3;26;Player1
3526;7;23;29;Player2
3527;9;12;13;Player1
3528;6;9;4;Player2
3529;7;12;4;Player2
3530;9;23;18;Player2
3531;3;30;18;Player1
3532;5;9;22;Player2
3533;8;4;15;Player1
3534;9;25;7;Player1
3535;10;23;28;Player2
3536;6;21;5;Player1
3537;1;21;22;Player1
3538;4;6;16;Player2
3539;5;17;10;Player2
3540;2;2;17;Player1
3541;6;9;17;Player1
3542;3;25;26;Player1
3543;9;24;4;Player1
3544;9;19;14;Player2
3545;10;18;7;Player2
3546;6;17;6;Player1
3547;1;21;29;Player2
3548;2;3;27;Player2
3549;8;28;13;Player1
3550;2;28;5;Player1
3551;2;21;13;Player1
3552;4;20;28;Player2
3553;2;6;3;Player2
3554;5;13;12;Player2
3555;3;27;3;Player2
3556;3;6;18;Player2
3557;2;13;1;Player2
3558;6;27;12;Player2
3559;7;3;7;Player2
3560;5;12;28;Player2
3561;10;17;27;Draw
3562;1;20;28;Player2
3563;4;22;29;Player2
3564;2;20;12;Player1
3565;6;13;8;Player2
3566;9;20;7;Player1
3567;9;28;22;Player1
3568;2;13;15;Player2
3569;1;2;25;Player1
3570;7;18;21;Player2
3571;7;25;6;Player1
3572;5;27;16;Player2
3573;2;7;5;Player2
3574;10;15;19;Player1
3575;1;24;20;Player1
3576;1;15;5;Player1
3577;9;13;1;Player2
3578;6;14;6;Player1
3579;9;5;12;Player2
3580;1;19;4;Player2
3581;7;4;12;Player1
3582;10;30;17;Player1
3583;1;22;12;Player2
3584;7;7;30;Player1
3585;3;22;8;Player2
3586;6;14;22;Player2
3587;9;1;11;Player1
3588;7;18;5;Player1
3589;10;24;11;Player1
3590;2;4;22;Player1
3591;1;20;19;Player1
3592;3;6;11;Player2
3593;1;11;24;Player2
3594;8;3;23;Player1
3595;1;28;7;Player1
3596;10;6;22;Player2
3597;7;12;21;Player2
3598;8;9;18;Player1
3599;3;5;17;Player2
3600;2;29;7;Player1
3601;7;29;19;Player1
3602;4;30;17;Player1
3603;10;19;17;Player2
3604;10;29;3;Player1
3605;6;14;29;Draw
3606;10;4;20;Player2
3607;1;19;20;Player2
3608;5;23;2;Player2
3609;3;11;2;Player1
3610;1;1;24;Player2
3611;9;12;18;Player1
3612;2;4;5;Player1
3613;8;29;21;Player1
3614;1;18;5;Player2
3615;8;13;18;Player1
3616;2;26;20;Player2
3617;4;2;28;Player2
3618;6;10;19;Player2
3619;7;28;27;Player1
3620;3;16;6;Player1
3621;2;10;17;Player2
3622;4;29;21;Player1
3623;5;18;26;Player2
3624;3;30;22;Player2
3625;5;28;1;Player2
3626;5;2;10;Player2
3627;5;22;16;Player2
3628;9;4;30;Player1
3629;10;21;3;Player1
3630;3;10;6;Player2
3631;5;16;13;Player1
3632;7;13;8;Player2
3633;9;26;14;Player2
3634;8;11;8;Player2
3635;3;22;2;Player1
3636;6;3;13;Player1
3637;6;2;27;Player2
3638;7;6;25;Player2
3639;6;27;7;Player1
3640;7;9;8;Player2
3641;7;12;8;Player2
3642;3;7;15;Player2
3643;8;23;15;Player2
3644;9;27;6;Player2
3645;3;17;11;Player1
3646;10;19;12;Player2
3647;7;20;19;Player1
3648;4;12;9;Player1
3649;7;22;11;Player1
3650;1;26;17;Player1
3651;3;3;17;Player1
3652;1;9;29;Player2
3653;6;5;16;Player2
3654;10;29;11;Player1
3655;7;25;6;Player1
3656;5;21;19;Player1
3657;9;12;8;Player2
3658;7;18;20;Player2
3659;10;29;1;Player2
3660;2;11;16;Player2
3661;10;21;28;Player1
3662;7;23;24;Player2
3663;4;21;9;Player1
3664;9;8;15;Player2
3665;3;12;22;Player2
3666;1;23;17;Player2
3667;8;19;1;Player2
3668;3;5;14;Player2
3669;9;6;15;Player2
3670;10;17;10;Player1
3671;1;1;25;Player1
3672;5;12;8;Player1
3673;4;29;3;Player1
3674;4;2;1;Player2
3675;8;2;4;Player2
3676;10;29;6;Player1
3677;5;12;6;Player1
3678;5;27;22;Player2
3679;5;14;16;Player2
3680;4;20;17;Player1
3681;10;23;4;Player2
3682;7;14;8;Player2
3683;5;27;1;Player2
3684;5;25;24;Player2
3685;1;21;18;Player1
3686;4;12;4;Player2
3687;3;16;8;Player2
3688;2;29;6;Player1
3689;2;15;4;Player2
3690;8;16;29;Player2
3691;6;1;9;Player1
3692;10;3;9;Player1
3693;9;12;18;Player1
3694;2;4;3;Player2
3695;4;16;18;Player1
3696;2;30;7;Player2
3697;5;14;3;Player1
3698;3;4;5;Player1
3699;10;1;24;Player2
3700;2;25;29;Player1
3701;1;17;11;Player2
3702;5;22;25;Player2
3703;3;29;19;Player1
3704;6;4;30;Player1
3705;2;14;12;Player1
3706;6;4;14;Player1
3707;10;22;16;Player1
3708;9;30;2;Player1
3709;2;10;28;Player2
3710;6;8;2;Player1
3711;7;30;17;Player1
3712;8;24;18;Player1
3713;8;5;24;Player2
3714;6;28;2;Player1
3715;1;25;11;Player1
3716;8;28;20;Player1
3717;4;5;28;Player2
3718;5;11;4;Player2
3719;3;6;17;Player2
3720;9;6;12;Player2
3721;6;11;21;Player2
3722;5;24;5;Player2
3723;9;26;21;Player2
3724;7;13;30;Player2
3725;4;25;15;Player2
3726;8;5;22;Player2
3727;4;13;8;Player2
3728;2;4;5;Player1
3729;3;19;14;Player2
3730;5;18;1;Player2
3731;9;29;13;Player1
3732;1;17;11;Player2
3733;7;2;7;Player2
3734;10;2;29;Player2
3735;7;22;29;Player2
3736;10;16;9;Player1
3737;6;26;12;Player2
3738;7;12;29;Player2
3739;4;30;18;Player1
3740;10;19;16;Player2
3741;9;20;3;Player1
3742;3;29;1;Player1
3743;2;28;9;Player1
3744;5;10;4;Player2
3745;3;4;11;Player1
3746;5;12;7;Player1
3747;3;3;6;Player1
3748;9;23;19;Player2
3749;3;17;14;Player2
3750;7;17;24;Player2
3751;7;13;21;Player2
3752;2;12;27;Player1
3753;5;24;29;Player1
3754;8;19;30;Player2
3755;1;17;9;Player1
3756;4;9;19;Player1
3757;2;19;6;Player1
3758;9;6;13;Player2
3759;2;12;11;Player1
3760;8;2;14;Player1
3761;4;21;22;Player1
3762;9;20;22;Player1
3763;5;13;29;Player2
3764;3;7;19;Player1
3765;2;30;15;Player2
3766;4;15;6;Player1
3767;9;25;9;Player1
3768;7;28;29;Player2
3769;3;14;8;Player2
3770;6;27;1;Player2
3771;5;30;22;Player2
3772;3;21;28;Player1
3773;6;14;27;Player1
3774;7;9;27;Player1
3775;6;28;12;Player1
3776;10;28;6;Player1
3777;2;19;28;Player2
3778;2;26;8;Player2
3779;8;28;24;Player1
3780;5;23;7;Player2
3781;10;17;16;Player2
3782;9;28;8;Player2
3783;6;24;9;Player1
3784;4;28;2;Player1
3785;4;24;17;Player1
3786;6;7;1;Player1
3787;1;2;16;Player2
3788;1;10;8;Player2
3789;5;11;4;Player2
3790;2;10;24;Player2
3791;7;15;21;Player2
3792;4;3;22;Player2
3793;2;21;30;Player1
3794;9;21;5;Player1
3795;9;12;22;Player2
3796;7;26;3;Player2
3797;8;24;22;Player1
3798;8;7;22;Player2
3799;3;13;8;Player2
3800;2;26;18;Player1
3801;6;13;15;Player2
3802;7;13;11;Player2
3803;1;21;25;Player1
3804;5;16;1;Player1
3805;10;12;6;Player1
3806;5;16;7;Player1
3807;6;2;25;Player1
3808;3;2;12;Player2
3809;7;30;29;Player2
3810;9;15;3;Player2
3811;3;13;30;Player1
3812;10;20;11;Player1
3813;3;10;16;Player2
3814;8;12;26;Player1
3815;8;7;23;Player1
3816;4;10;7;Player2
3817;1;23;20;Player2
3818;10;3;19;Player1
3819;2;15;2;Player1
3820;1;12;21;Player2
3821;7;11;29;Player2
3822;2;19;14;Player2
3823;10;22;25;Player1
3824;3;7;21;Player2
3825;8;21;29;Player1
3826;5;26;19;Player1
3827;2;20;15;Player1
3828;4;11;7;Player2
3829;7;28;20;Player1
3830;2;27;28;Player2
3831;4;5;17;Player2
3832;6;16;25;Player1
3833;3;5;11;Player2
3834;4;18;12;Player2
3835;9;17;29;Player2
3836;3;13;20;Player2
3837;7;19;13;Player2
3838;6;23;1;Player2
3839;5;6;19;Player2
3840;5;9;16;Player2
3841;1;2;29;Player2
3842;8;1;17;Player1
3843;10;10;13;Player2
3844;2;9;15;Player2
3845;1;13;2;Player2
3846;3;26;25;Player2
3847;1;15;16;Player2
3848;5;14;8;Player2
3849;6;16;13;Player2
3850;2;25;11;Player1
3851;9;4;26;Player1
3852;5;24;17;Player1
3853;5;9;16;Player2
3854;3;5;4;Player2
3855;10;9;10;Player1
3856;10;15;10;Player1
3857;9;14;11;Player2
3858;1;6;25;Player2
3859;7;14;19;Player1
3860;2;17;16;Player2
3861;1;6;15;Player2
3862;7;23;6;Player2
3863;6;10;20;Player2
3864;3;20;17;Player1
3865;5;26;10;Player1
3866;10;24;6;Player1
3867;1;17;1;Player2
3868;1;17;11;Player1
3869;1;12;28;Player2
3870;10;25;10;Player1
3871;3;23;30;Player2
3872;2;29;19;Player1
3873;4;16;5;Player1
3874;5;5;21;Player2
3875;6;25;24;Player1
3876;7;10;15;Player2
3877;8;21;13;Player1
3878;1;30;15;Player1
3879;1;20;4;Player2
3880;6;12;8;Player2
3881;6;16;10;Player1
3882;3;27;24;Player2
3883;8;17;12;Player2
3884;8;19;20;Player2
3885;5;7;26;Player1
3886;3;3;17;Player1
3887;6;26;19;Player1
3888;6;6;20;Player2
3889;6;1;23;Player1
3890;5;8;10;Player1
3891;9;3;4;Player2
3892;4;23;20;Player2
3893;10;26;28;Player2
3894;2;7;23;Player1
3895;8;25;2;Player2
3896;7;29;24;Player2
3897;6;19;17;Player2
3898;7;26;17;Player1
3899;7;2;11;Player2
3900;1;3;27;Player1
3901;1;24;10;Player1
3902;6;10;16;Player2
3903;3;27;14;Player2
3904;7;3;7;Player1
3905;9;7;20;Player2
3906;6;13;11;Player1
3907;10;23;2;Player2
3908;8;28;20;Player2
3909;6;28;8;Player2
3910;4;8;22;Player1
3911;1;21;24;Player1
3912;5;29;14;Player1
3913;6;2;16;Player2
3914;4;7;2;Player1
3915;4;12;16;Player1
3916;10;28;19;Player1
3917;10;25;20;Player2
3918;9;3;11;Player1
3919;7;3;26;Player2
3920;3;10;12;Player2
3921;8;29;20;Player1
3922;5;28;13;Player1
3923;2;19;9;Player2
3924;9;12;11;Player1
3925;10;2;16;Player1
3926;2;20;16;Player1
3927;7;13;30;Player1
3928;1;21;14;Player1
3929;5;11;18;Player1
3930;6;7;26;Player1
3931;2;24;23;Player1
3932;6;9;13;Player2
3933;9;15;4;Player2
3934;8;9;10;Player1
3935;2;13;9;Player1
3936;9;1;26;Player1
3937;6;14;11;Player1
3938;7;28;12;Player1
3939;7;9;6;Player1
3940;1;18;25;Player2
3941;7;13;19;Player2
3942;8;19;22;Player2
3943;1;7;18;Player1
3944;6;2;1;Player2
3945;10;22;10;Player1
3946;3;1;24;Player2
3947;4;18;12;Player2
3948;8;8;25;Player2
3949;3;20;1;Player1
3950;3;28;27;Player1
3951;9;27;3;Player2
3952;3;21;13;Player1
3953;5;19;8;Player2
3954;5;9;16;Player2
3955;4;21;10;Player1
3956;4;6;27;Player2
3957;1;7;13;Draw
3958;4;2;12;Player2
3959;2;24;29;Player2
3960;2;7;11;Player1
3961;7;5;22;Player2
3962;9;25;13;Player1
3963;8;7;4;Player2
3964;2;11;30;Player1
3965;8;30;29;Player2
3966;4;12;3;Player1
3967;1;21;2;Player1
3968;5;16;2;Player1
3969;8;27;26;Player2
3970;5;14;27;Player1
3971;9;3;12;Player2
3972;9;9;4;Player2
3973;10;24;27;Player1
3974;8;14;29;Player2
3975;5;18;27;Player2
3976;5;26;2;Player2
3977;9;20;12;Player2
3978;3;25;16;Draw
3979;7;3;20;Player2
3980;6;6;28;Player2
3981;3;5;24;Player2
3982;3;9;18;Player2
3983;9;22;26;Player1
3984;5;19;6;Player1
3985;3;8;4;Player2
3986;10;28;6;Player1
3987;4;1;25;Player2
3988;7;24;15;Player1
3989;6;8;27;Player1
3990;2;7;15;Player2
3991;4;19;29;Player2
3992;6;10;5;Player2
3993;9;9;18;Player2
3994;6;19;11;Player2
3995;7;23;24;Player2
3996;2;12;9;Player1
3997;5;24;22;Player1
3998;8;6;28;Player2
3999;8;25;30;Player1
4000;8;21;1;Player1
